Parent Code,SKU ID,Description,Category Name,EAN Code,REQ HSN Code
PALFRBG0004,GRSGRSRBG00000001,"Rasoi Bhog Atta, 10 Kg",Staples & Grocery,8906022190021_320,110100
PALFRBG0002,GRSGRSRBG00000002,"Rasoi Bhog Atta, 5 Kg",Staples & Grocery,8906022190014_180,110100
PPLBPCO0002,PLBSNGRAJ00000047,"Quaker Oats, 200 g Pouch",Shashinder-PF,8901491103787,210690
PBRDAMU0110,BFDSNGAMU00000007,Amul Cheese 100 gm,Shashinder,8901262020046_69,210690
PDAIAMU0062,BFDSNGAMU00000008,AMUL CHEESE SLICE 200G,Shashinder,8901262020015_118,210690
PBRDAMU0108,BFDSNGAMU00000010,Amul Cheese Spread  Plain 200 gm,Shashinder,8901262060011_80,210690
PBRDAMU0106,BFDSNGAMU00000011,Amul Cheese Spread 180 gm,Shashinder,8901262060066_80,210690
PDAIAMU0068,DAIDAIAMU00000012,Amul Mozzarella Pizza Cheese 200 Gm,Shashinder,8901262020206_100,210690
PDAIAMU0044,DAIDAIAMU00000024,AMUL CHEESE SPREAD GARLIC 200G,Shashinder,0,210690
PBFDAMU0008,BRDBRDAMU00000005,Amul Cheese Cubes 200 Gm Pack,Shashinder,8901262020039_114,210690
PFPGHUL0004,FPGBDCPND00000008,Ponds Starlite Perfumed Talc 30 GM,Health & Personal Care,8901030743627,252620
PPKPDBR0012,PKPPROCHW00000007,Dabur Chyawanprash Sugar Free Clinically Tested 900 gm,Shashinder-PF,8901207005671,300490
PPRODBR0086,PROPRODBR00000004,Dabur Chyawanprakash Sugar Free 500 Gm,Shashinder-PF,8901207001635_205,300490
PDTBVLC0002,HNKHNKVLC00000001,"Value Clean Liquid dishwash Lemon, 500 ml",Home & kitchen,8906037460010,340220
PHOKVLC0002,HNKHNKVLC00000002,"Value Clean dishwash Tub Lemon, 500 ml",Home & kitchen,8906037460034,340220
PARFVLC0002,HNKHNKVLC00000004,"Value Clean Air Freshners lavender,  50 ml",Home & kitchen,0,340220
PAFSVLC0002,AFSARFVLC00000001,"Value Clean Air Freshners Jasmine , 50 ml",Home & kitchen,0,340220
PHOKGHD0002,DTPDGTGPO00000001,Ghadi Machine Wash Detergent Powder 100 gm,Home & kitchen,8901331012828,340220
PHNKVLC0016,HNKHNKVLC00000005,"Value Clean glass Cleaner, 500 ml",Home & kitchen,8906037460119,340590
PLFCVLC0002,HNKHNKVLC00000006,"Value Clean Surface Cleaner Lime, 500 ml",Home & kitchen,8906037460126,340590
PHNKVLC0018,HNKHNKVLC00000003,"Value Clean toilet Cleaner, 500 ml",Home & kitchen,8906037460003,380899
PJMTAMU0002,JMTBNCAMU00000003,Amul Taaza Fresh Toned Milk 1 Ltr,Shashinder,8901262150064,4010000
PBRDAMU0100,BFDSNGAMU00000018,"Amulya Dairy whitener, 200 gm",Shashinder,8901262090353_80,4010000
PBFDAMU0028,BREBREAMU00000001,"Amul Fresh Cream Tetra, 250 mL",Shashinder,0,4039090
PBFDAMU0030,GRSGRSAMU00000009,"Amul Fresh Cream Tetra, 1 Ltr",Shashinder,0,4039090
PDAIAMU0038,DAIDAIAMU00000027,Amul Lassi 250 ml,Shashinder,8901262151696_20,4039090
POGCAMU0044,GRSGRSAMU00000003,"Amul Ghee Tin, 1 Ltr",Shashinder,0,4059020
POGCAMU0042,GRSGRSAMU00000002,"Amul Ghee Tetra, 1 Ltr",Shashinder,0,4059020
POGCAMU0040,GRSGRSAMU00000001,"Amul Ghee Tetra, 500mL",Shashinder,0,4059020
POGCPAT0006,GRSGRSPAT00000004,"Patanjali COWS GHEE Tetra, 1 L",Shashinder,0,4059020
POGCPAT0012,GRSGRSPAT00000003,"Patanjali COWS GHEE Tetra, 500 mL",Shashinder,0,4059020
POGCMDY0010,GRSGRSMDY00000002,"Mother Dairy Ghee Desi Tetra, 1 Ltr",Shashinder,0,4059020
POGCMDY0026,GRSGRSMDY00000001,"Mother Dairy Desi Ghee Tetra, 500mL",Shashinder,0,4059020
POGCMFD0004,GRSGRSMFD00000002,"MilkFood Pure Ghee Tetra, 500mL",Shashinder,0,4059020
POGCMFD0006,GRSGRSMFD00000001,"MilkFood Pure Ghee Tetra, 1 Ltr",Shashinder,0,4059020
POGCMAD0056,GRSGRSMAD00000003,"Madhusudan Desi Ghee Tetra, 1Ltr",Shashinder,0,4059020
POGCMAD0050,GRSGRSMAD00000002,"Madhusudan Desi Ghee Tetra, 500 mL",Shashinder,0,4059020
POGCMAD0052,GRSGRSMAD00000001,"Madhusudan Desi Ghee Jar, 200Ml",Shashinder,0,4059020
POGCMAD0058,GRSGRSMAD00000004,"Madhusudan Desi Ghee Poly Pack, 1Ltr",Shashinder,8906017815014_480,4059020
POGCAMU0036,GRSGRSAMU00000004,"Amul Cow Ghee Tetra, 1 Ltr",Shashinder,0,4059020
POGCAMU0014,GRSGRSAMU00000005,Amul Cow Ghee Tin 1 ltr,Shashinder,8901262030243_490,4059020
POGCPAS0008,GRSGRSPAS00000001,"Paras Ghee Tetra, 1 ltr",Shashinder,8906001727149_485,4059020
POGCGOW0018,GRSGRSGOW00000001,"Gowardhan Ghee Jar, 1 Litre",Shashinder,0,4059020
POGCGOW0016,GRSGRSGOW00000002,"Gowardhan Ghee Jar, 500ml",Shashinder,0,4059020
POGCMAD0054,GRSGRSMAD00000005,"Madhusudan Desi Ghee Jar, 1 Ltr",Shashinder,0,4059020
POGCMAD0060,GRSGRSMAD00000006,"Madhusudan Pure Ghee Poly, 500 mL",Shashinder,0,4059020
PGHEPAS0002,BRDBFDPAS00000001,"Paras Ghee Tetra, 500 ml",Shashinder,0,4059020
POGCMDY0042,OGCSNGMDG00000006,Mother Dairy Cow Ghee 1 Ltr Tetra,Shashinder,8901648031147_540,4059020
PSNGMAD0029,OGCSNGMAD00000031,Madhusudan Desi Ghee Poly Pack 500 Ml,Shashinder,8906017815021_237,4059020
POGCPAS0004,OGCSNGPAS00000006,Paras Cow Ghee  Tetra 1Ltr,Shashinder,8906001730019_560,4059020
POGCPAS0016,OGCSNGPAS00000007,Paras ghee 500ml poly pack 500ml,Shashinder,8906001727026,4059020
POGCPAS0015,OGCSNGPAS00000008,Paras ghee poly pack 1ltr,Shashinder,8906001727019,4059020
PPKPDBR0010,PKPPROHNY00000004,Dabur Honey 1.2 kg,Shashinder-PF,8901207025389,4090000
PPKPDBR0008,PKPPROHNY00000005,Dabur Honey 250 gm,Shashinder-PF,8901207025365,4090000
PPKPDBR0006,PKPPROHNY00000006,Dabur Honey 500 gm,Shashinder-PF,8901207025372,4090000
PPRODBR0088,PKPPROHNY00000008,DABUR HONEY SQUEEZY 1+1 225g,Shashinder-PF,8901207026553_155,4090000
PPRODBR0080,PKPPROHNY00000009,DABUR HONEY SQUEEZY 1+1 400g,Shashinder-PF,8901207005527_200,4090000
PJMTMOR0004,JMTBNCMOR00000008,Morton Fruit Cocktail 850 gm,Shashinder-PF,8901439000291,4090000
PJMTMOR0002,JMTBNCMOR00000009,Morton Fruit Cocktail 450 gm,Shashinder-PF,8901439000307,4090000
PPLBRAJ0082,PLBSNGRAJ00000023,"Rajdhani Matar Safed, 500 Gm",Staples & Grocery,8906002348534_68,7131000
PRGRIND0056,GRSGRSIND00000009,"India Gate Tibar, 1 Kg",Staples & Grocery,690225101127_129,10063020
PRGRIND0014,GRSGRSIND00000007,"India Gate Dubar, 1 Kg",Staples & Grocery,690225101134_122,10063020
PRGRIND0032,GRSGRSIND00000006,"India Gate Rozaana, 1Kg",Staples & Grocery,690225103626_99,10063020
PRGRIND0038,GRSGRSIND00000005,"India Gate Rozaana, 5Kg",Staples & Grocery,690225103633_490,10063020
PRGRIND0044,GRSGRSIND00000003,"India Gate Mogra, 10Kg",Staples & Grocery,690225105149_735,10063020
PRGRIND0042,GRSGRSIND00000002,"India Gate Mini Mogra, 5Kg",Staples & Grocery,690225106771_290,10063020
PRGRIND0046,GRSGRSIND00000001,"India Gate Mini Mogra, 10 Kg",Staples & Grocery,690225104197_535,10063020
PRGRIND0030,FOGSTPIND00000012,"India Gate Mogra, 5Kg",Staples & Grocery,690225106092_295,10063020
PRGRIND0057,GRSGRSIND00000012,"India Gate Mini Mogra-II, 5 Kg",Staples & Grocery,690225106788_205,10063020
PRGRIND0028,GRSGRSIND00000013,"India Gate Mini Mogra-II, 10 Kg",Staples & Grocery,690225104203_390,10063020
PFGNIND0004,RGRSNGIND00000002,"India Gate Dubar, 5 Kg",Staples & Grocery,690225103138_610,10063020
PGRSRAJ0001,GRSGRSRAJ00000016,"Bulk Sooji, 50 Kg",Staples & Grocery,ADT11111264,11010000
PGRSRAJ0002,GRSGRSRAJ00000017,"Bulk Maida, 50 Kg",Staples & Grocery,ADT11111263,11010000
PBRDMRC0030,BFDSNGSOI00000002,Saffola Oats Natural 1 kg Free Saffola Oats 400 gm,Shashinder-PF,8901088055772_195,11041200
PBKDHUL0002,BKDPROBNP00000003,Brown & Polson Cornflour 500 gm,Shashinder-PF,8901030521218,11081200
PDFNGLO0030,DFNFGNGLO00000019,"Glonuts Giri Kharbooja, 100 Gm",Staples & Grocery,8906061670638_89,12071090
PDFNGLO0036,DFNFGNGLO00000016,"Glonuts Makhana, 100 Gm",Staples & Grocery,8906061670492_129,12079100
POGCPAT0014,GRSGRSPAT00000005,"Patanjali Mustard Oil Pet, 1 Ltr",Staples & Grocery,8901088017381_120,15149920
PSSJUTS0022,GRSGRSUTS00000001,"Uttam Sulphurless Sugar, 5Kg",Staples & Grocery,8906009620053_300,17011490
PSSJUTS0016,GRSGRSUTS00000003,"Uttam Sulphurless Sugar, 1 Kg",Staples & Grocery,8906009620039_60,17011490
PSSJUTS0014,SSJSNGUTS00000001,"Uttam Sugar Bura, 1 Kg",Staples & Grocery,8906009620398_70,17011490
PSSJUTS0012,SSJSNGUTS00000002,"Uttam Sugar Bura, 500 Gm",Staples & Grocery,8906009620145_42,17011490
PSSJUTS0010,SSJSNGUTS00000003,"Uttam White Sugar Cubes, 500 Gm",Staples & Grocery,8906009620268_63,17019910
PMCGVAN0016,CTLBNCFRE00000001,Centerfresh Gum 3layer Strawberry,Beverage & Confectionary,8901393019032,17041000
PMCGCHP0006,CTLBNCCHP00000001,Chupa Chups Tubes Mini 24.2gm,Beverage & Confectionary,8901393019490,17049030
PCTLPAR0004,CTLBNCPAR00000008,"Parle Bigger Orange Bite, 214.5 gm -50 piece box",Beverage & Confectionary,8901719107825,17049090
PBNCVAN0286,BNCBNCFRU00000001,Center Fruit Soft Chews Assorted flavour candy Pocket Bottle 33 g,Beverage & Confectionary,8901393019964,17049090
PCHOCAD0100,CHOBNCCDM00000005,Cadbury Dairy Milk Original Rich & Creamy 72 gm,Beverage & Confectionary,8901233036816,18063100
PCHOCAD0018,CHOBNCFIV00000007,"Five Star 3D, 42 Gm",Beverage & Confectionary,7622201410964,18063100
PCHOBOU0006,CHOBNCBOU00000001,Cadbury Bournville Rich Cocoa (50% Dark) 31 gm,Beverage & Confectionary,8901233021645,18063200
PDAIAMU0036,DAIDAIAMU00000028,AMUL MITHAI MATE CAN EOE 400G,Shashinder-PF,8901262120029_106,18069010
PCNFCAD0030,CHCCNFCDM00000004,Cadbury Dairy Milk Fruit & Nut Chocolate 36gm,Beverage & Confectionary,8901233028422,18069010
PCHOCAD0106,CHCCNFCDM00000005,Cadbury Dairy Milk Fruit & Nut Chocolate 80 gm,Beverage & Confectionary,8901233030623,18069010
PCHCCAD0016,CHCCNFCDM00000006,Cadbury Dairy Milk Silk Chocolate 60 gm,Beverage & Confectionary,8901233034188,18069010
PBNCCAD0403,BNCBNCCAD00000011,Cadbury Dairy Milk Silk Bublly 50G,Beverage & Confectionary,8901233034300,18069010
PBNCMAR0120,BEVBEVMAR00000001,"Snickers Bar, 25 gm",Beverage & Confectionary,8906022482481,18069090
PPRONES0202,IFDPROCER00000010,CERELAC BABYCEREAL WHEAT ORANGE NO6 300g,Shashinder-PF,8901058867497_223,19011090
PBBFNES0022,IFDPROCER00000011,Nestle Cerelac Rice Vegetables 300 Gm,Shashinder-PF,8901058865851_231,19011090
PHEDCAD0008,HEDBNCBON00000002,Cadbury Bournvita 5 Star Magic Jar 500 gm,Beverage & Confectionary,8901233035253,19011090
PPROITC0216,BSCBSCYIP00000003,SUNFEAST NODL YIPPEE MAGIC MASALA 60g/70g,Shashinder-PF,8901725181222_10,19021900
PPRONES0230,PROPROMAG00000001,Maggi Pazzta cheese,Shashinder-PF,8901058870312,19021900
PNDPNES0002,PROPROMAG00000002,MAGGI INST PASTA PAZZTA TOMATO TWIST 64g,Shashinder-PF,8901058869828_25,19021900
PPRONES0190,PROPROMAG00000003,MAGGI INST PASTA PAZZTA MASALA PENNE 65g,Shashinder-PF,8901058869804,19021900
PNDPNES0044,PROPROMAG00000004,Maggi Pazzta Mushroom,Shashinder-PF,8901058847529,19021900
PNDPITC0004,NDPPROYIP00000008,Yippee Noodles Mood Masala 65 gm,Shashinder-PF,8901725181505,19021900
PNDPEVR0024,NDPPROEVR00000001,Everin Vermicelli Plain 90 gm,Shashinder-PF,8906104711014_10,19021900
PNDPEVR0022,NDPPROEVR00000002,Everin Vermicelli Plain 350 gm,Shashinder-PF,8906104711045,19021900
PNDPEVR0020,NDPPROEVR00000003,Everin Vermicelli Roasted 100 gm,Shashinder-PF,8906104711007_15,19021900
PNDPEVR0018,NDPPROEVR00000004,Everin Vermicelli Roasted 350 gm,Shashinder-PF,8906104711052,19021900
PPKPEVR0044,NDPPROEVR00000008,Everin Macaroni 300 gm,Shashinder-PF,8906104711083_40,19021900
PPKPEVR0002,PKPPROEVR00000004,Everin Vinegar 200 gm,Shashinder-PF,8906104710611_40,19021900
PNDPRAJ0008,NDPPROBAN00000005,"Rajdhani Banechetto Macaroni, 500 gm",Shashinder-PF,8906002340927_47,19021900
PDGPGMF0026,NKMPROLOC00000011,NS Super Classic Peanuts 400g,Shashinder-PF,NS029092020_99,19021900
PDGPGMF0024,NKMPROLOC00000012,NS Super Roasted Chana Cracker Heeng Jeera 400g,Shashinder-PF,NS029092021_99,19021900
PDGPGMF0022,NKMPROLOC00000013,NS Super Classic Gupshup Peanuts 400g,Shashinder-PF,NS029092022_99,19021900
PDGPGMF0020,NKMPROLOC00000014,NS Super Classic Masala Peanuts 400g,Shashinder-PF,NS029092023_99,19021900
PDGPGMF0018,NKMPROLOC00000015,NS Super Panchrattan 400g,Shashinder-PF,NS029092024_130,19021900
PDGPGMF0016,NKMPROLOC00000016,NS Super Khatta Meetha 400g,Shashinder-PF,NS029092025_99,19021900
PDGPGMF0002,NKMPROGMF00000006,NS Super NAVRATAN MIXTURE 400 GM,Shashinder-PF,NS029092032_99,19021900
PPROGMF0030,PROPROGMF00000002,NS Macroni 300gm,Shashinder-PF,NS029092033,19021900
PNDPRAJ0019,NDPPRORAJ00000004,"Rajdhani Vermicelli Short cut, 5kg",Shashinder-PF,123450987,19021900
PNDPGPF0002,NDPPROGPF00000002,"Gramfactory Vermicelli, 500 gm",Shashinder-PF,ADT11111274,19021900
PNDPGPF0005,NDPPROGPF00000003,"Gramfactory Macaroni, 280 GM",Shashinder-PF,ADT11111276,19021900
PNDPGPF0004,NDPPROGPF00000004,"Gramfactory Penne Pasta, 280 GM",Shashinder-PF,ADT11111277,19021900
PNDPGPF0003,NDPPROGPF00000005,"Gramfactory Fusilli Pasta, 280 GM",Shashinder-PF,ADT11111278,19021900
PNDPGPF0006,NDPPROGPF00000006,"Gramfactory Vermicelli, 300 gm",Shashinder-PF,ADT11111275,19021900
PNDPPAT0012,NDPPROPAT00000005,Patanjali Atta Noodles Chatpata 60 gm,Shashinder-PF,8904109409967,19023010
PPROMTR0088,PKPPROMTR00000001,MTR RICE IDLI MIX 500g,Shashinder-PF,8901042954608_105,19023010
PPROTAT0040,PROPROTAT00000014,Tata Cheesy Pasta With Black Olives  290 Gm,Shashinder-PF,8906111440006_99,19023010
PRTCNES0014,RTCRTCNES00000002,MAGGI INST PASTA PAZTA MACRON CHEESE 70g,Shashinder-PF,8901058847482,19023010
PNDPEVR0016,NDPPROEVR00000005,Everin Pasta (Penne) 80 gm,Shashinder-PF,8906104710659_10,19024090
PNDPEVR0012,NDPPROEVR00000006,Everin Pasta (Penne) 300 gm,Shashinder-PF,8906104711076_45,19024090
PBFDRAJ0006,GRSGRSRAJ00000005,"Rajdhani Thick Poha, 500 Gm",Staples & Grocery,8906002348169_49,19041000
PBKCKEL0016,BFDSNGKEL00000007,KELLOGS CORNFLAKE ORIGINAL PP 875g,Shashinder-PF,8901499008893_310,19041010
PBFDKEL0032,BFDSNGKEL00000008,Kelloggs Corn Flakes Orignal 250 gm,Shashinder-PF,8901499008183,19041010
PSNGKEL0062,BFDSNGKEL00000009,Kelloggs Corn Flakes Real Strowberry Puree 300 gm,Shashinder-PF,8901499008381_135,19041010
PBREKEL0002,BFDSNGKEL00000005,KELLOGGS CHOCOS WEBS BX 300g,Shashinder-PF,8901499009968_165,19041090
PPROACT0062,PROPROACT00000008,Act II Salted Popcorn 35Gm,Shashinder-PF,8901512563002_20,19041090
PBKCKEL0006,BKCBKCKEL00000011,KELLOGG CHOCOS 58g,Shashinder-PF,0,19041090
PBICBRI0202,BSCBSCBRI00000007,Britannia Marie Gold Biscuit,Shashinder-PF,8901063162044_5,19053100
PBICBRI0198,BSCBSCBRI00000009,"Britannia Tiger Glucose, (66+4gm)",Shashinder-PF,8901063163133_5,19053100
PBICBRI0184,BSCBSCBRI00000016,"Britannia Tiger Kreemz ChocoVanilla, 50gm",Shashinder-PF,8901063164185,19053100
PBICBRI0178,BSCBSCBRI00000019,BRITANNIA COOKIES GOODAY RICH BUTTER 39g,Shashinder-PF,8901063092334,19053100
PPROBRI0394,BICSNKBRI00000001,BRITANNIA CRM BISC TRT BOURBON 150g,Shashinder-PF,8901063139213_28,19053100
PSNKPRI0004,PROPROPRI00000011,PRIYA GOLD BISC CNC 200g,Shashinder-PF,8901652141429,19053100
PBICBRI0128,BICPROBRI00000005,BRITANNIA COKIES GODAY CHOCOCHIP 37g/44g,Shashinder-PF,8901063004092_10,19053100
PBICBRI0048,BICPROBRI00000048,BRITANNIA BIS NUTRICHOICE DIGESTIVE 75g,Shashinder-PF,8901063142039,19053100
PBICPRI0020,BACSBFPRI00000001,Priyagold Butter Bite Cookies Biscuit 150 gm,Shashinder-PF,8901652141344,19053100
PBICPRI0056,BACSBFPRI00000003,Priyagold Butter Delitelite Namkeen Jeera Biscuits 200 gm,Shashinder-PF,8901652142150,19053100
PBICUNI0040,BACSBFUNI00000004,UNIBIC COOKIE FRUIT & NUT PP 75g,Shashinder-PF,8906009077017_25,19053100
PBICUNI0036,BSCBSCUNI00000002,Unibic -Orange Milk Cookies 100 gm,Shashinder-PF,8906009078885_15,19053100
PBICPAT0012,BICPROPAT00000003,Patanjali Marie Biscuit 120 gm,Shashinder-PF,8904109469329,19053100
PPROBRI0380,PROPROBRI00000003,BRIT 50-50 JEERAS MASTI PP 76g,Shashinder-PF,8901063017375_10,19053100
PPROBRI0418,PROPROBRI00000005,Britannia Milk Biks Biscute 200 Gm,Shashinder-PF,8901063025363_20,19053100
PPROBRI0412,PROPROBRI00000008,Britannia Nutri Choice Otas Chocolate & Almonds 75Gm,Shashinder-PF,8901063142367_20,19053100
PPROBRI0374,PROPROBRI00000010,BRITANIA CRM BSCT TREAT VANILLA PP 60g,Shashinder-PF,8901063031753_10,19053100
PPROBRI0402,PROPROBRI00000014,BRITANNIA NC ZERO DIGESTIVE 100g,Shashinder-PF,8901063142244_25,19053100
PPROBRI0400,PROPROBRI00000015,BRITANNIA CM BS PURE MAGIC CHOCOLUSH 75g,Shashinder-PF,8901063160088_30,19053100
PPROBRI0390,PROPROBRI00000020,Britannia Milk Bikkis 100Gm,Shashinder-PF,8901063025356_10,19053100
PPROBRI0423,PROPROBRI00000025,Britannia 50-50 Jeera 47 Gm,Shashinder-PF,8901063017412_5,19053100
PPROBRI0378,PROPROBRI00000026,BRITANNIA CRM BIS MILK BIKIS 200g,Shashinder-PF,8901063035027_20,19053100
PPROBRI0435,PROPROBRI00000045,Britannia Tiger Kreemz Elaichi 36 G + 7 G Free,Shashinder-PF,8901063164178,19053100
PPROUNI0126,PROPROUNI00000017,UNIBIC COOKIE CHOCO KISS 30g,Shashinder-PF,8906009071183,19053100
PBNCHOR0116,BNCBNCHOR00000015,Horlicks Chocolate Delight 750 Gm,Beverage & Confectionary,8901571008117,19053211
PBICPAR0076,BSCBSCKIS00000001,"Parle Milano Chocochips, 75gm",Shashinder-PF,8901719115400,19059020
PBICPAR0024,BSCBSCPAR00000022,PARLE COOKIE 20 20 BUTTER 90g,Shashinder-PF,8901719109850_10,19059020
PBICPAR0040,BSCBSCPAR00000023,PARLE CB H&S BLACK BOURBON VANILLA 100g,Shashinder-PF,8901719112485,19059020
PBICPAR0074,BICSNKPAR00000001,KRACKJACK BISCUITS BUTTER MASALA PP 120g,Shashinder-PF,8901719110337,19059020
PBICPAR0056,BACSBFPAR00000008,Parle Hide & Seek Chocochip Cookies 33 gm,Shashinder-PF,8901719100369,19059020
PBICITC0054,BACSBFSNF00000020,Sunfeast Bounce Tangy Orange 82 gm,Shashinder-PF,8901725134747,19059020
PBICITC0048,BACSBFSNF00000023,Sunfeast Glucose Biscuite 120 gm,Shashinder-PF,8901725132194,19059020
PBICITC0046,BACSBFSNF00000024,Sunfeast Glucose Biscuits 250 gm,Shashinder-PF,8901725132170,19059020
PPROPAR0244,PROPROPAR00000045,PARLE BIS GOLD PP 200g,Shashinder-PF,8901719113390_25,19059020
PPROPAR0278,PROPROPAR00000064,PARLE 20-20 NICE BSCUITS PP 75g,Shashinder-PF,8901719109454,19059020
PPKPLJT0006,PKPPROLJT00000003,LIJJAT PAPAD PUNJBI MASALA 200G,Shashinder-PF,8901441017010_60,19059040
PNDPMTR0010,NDPPROMTR00000001,MTR ROASTED VERMICELLI 850g,Shashinder-PF,8901042970066_105,19059040
PNDPMTR0008,NDPPROMTR00000002,MTR Vermicelli Plain 850 gm,Shashinder-PF,8901042970035_80,19059040
PPKPEVR0014,PKPRTCEVR00000004,"Everin Green Chilli Pickles Jar, 500 gm",Shashinder-PF,8906104710093_80,20019000
PPKPEVR0026,PKPRTCEVR00000005,"Everin Green Chilli Pickles Jar, 1 kg",Shashinder-PF,0,20019000
PPKPEVR0008,PKPRTCEVR00000008,"Everin Lime Pickles Jar, 250 gm",Shashinder-PF,8906104710529_50,20019000
PPKPEVR0004,PKPRTCEVR00000010,"Everin Lime Pickles Jar, 500 gm",Shashinder-PF,8906104710109_80,20019000
PPKPAPI0024,PKPPROAPI00000015,Apis Mango Tang Pickles 500G,Shashinder-PF,8906021926409,20019000
PPKPAPI0002,PKPPROAPI00000017,Apis Spicelicious Mixed Veggies Pickles 500G,Shashinder-PF,8906021926416,20019000
PPKPTOP0084,PKPPROTOP00000064,Tops Gold Sweet Lime Pickle 1 kg,Shashinder-PF,8904288611410_180,20019000
PPKPEVR0036,PKPPROEVR00000011,"Everin Mango Pickles Jar, 200 gm",Shashinder-PF,8906104710512_60,20019000
PPKPEVR0034,PKPPROEVR00000013,"Everin Mixed Pickles Jar, 500 gm",Shashinder-PF,8906104710062_100,20019000
PPKPEVR0032,PKPPROEVR00000014,"Everin Mango Pickles Jar, 500 gm",Shashinder-PF,8906104710031_100,20019000
PPKPEVR0038,PKPPROEVR00000019,"Everin Mixed Pickles Jar, 250 gm",Shashinder-PF,8906104710505_60,20019000
PSNGSMJ0006,PROPROSMJ00000001,Smith & Jones Ginger Garlic Paste 200 G,Shashinder-PF,8901595873258_48,20019000
PPKPEVR0018,PKPPROEVR00000021,"Everin Mango Pickles Jar, 400 gm",Shashinder-PF,8906104710208_120,20019000
PPKPEVR0016,PKPPROEVR00000022,"Everin Green Chilli Pickles Jar, 400 gm",Shashinder-PF,8906104710222_130,20019000
PPKPEVR0012,PKPPROEVR00000024,"Everin Red Chilli Pickle Jar, 250 gm",Shashinder-PF,8906104710543_80,20019000
PPKPEVR0010,PKPPROEVR00000025,"Everin Red Chilli Pickle Jar, 500 gm",Shashinder-PF,8906104710123_120,20019000
PPKPEVR0006,PKPPROEVR00000027,"Everin Green Chilli Pickles Jar, 250 gm",Shashinder-PF,8906104710536_60,20019000
PPROACT0077,PROPROACT00000017,ACT II SWEET CORN CHAT MASALA 121g,Shashinder-PF,8901512912107,20058000
PSASMOR0034,SASPROMOR00000001,Morton Tomato Ketchup Bottle 1Kg,Shashinder-PF,8901439000475,20079990
PSASMOR0026,SASPROMOR00000005,Morton Tomato Puree 450 Gm,Shashinder-PF,8901439001199,20079990
PSASMOR0024,SASPROMOR00000006,Morton Tomato Puree 850 Gm,Shashinder-PF,8901439000468,20079990
PSASMOR0022,SASPROMOR00000007,Morton Mixed Fruit  Bottle Jams  270 Gm,Shashinder-PF,8901439001984_65,20079990
PSASMOR0020,SASPROMOR00000008,Morton Mixed Fruit Bottle   Jams  500 Gm,Shashinder-PF,8901439000345_125,20079990
PPROLOC1156,SASPROMOR00000009,Morton Red Chilli Sauce 750Gm,Shashinder-PF,8901439001809,20079990
PSASMOR0016,SASPROMOR00000011,Morton Green Chilli Sauce 750 Gm,Shashinder-PF,8901439001625,20079990
PSASMOR0002,SASPROMOR00000012,Morton Green Chilli Sauce 200Gm,Shashinder-PF,8901439000437_30,20079990
PSASMOR0014,SASPROMOR00000014,Morton Soya Sauce 700 Gm,Shashinder-PF,8901439001205,20079990
PCBDMOR0002,PDMBVRMOR00000002,Morton Golgappa Pani Masala 500 Ml,Shashinder-PF,8901439002189_95,20079990
PPKPMOR0052,PKPPROMOR00000022,Morton Pineapple Fruit Jam  500 gm,Shashinder-PF,8901439000352_125,20079990
PPKPMOR0050,PKPPROMOR00000023,Morton Mango Fruit Jam 270 gm,Shashinder-PF,8901439002011_65,20079990
PSASMOR0008,SASPROMOR00000021,Morton Baked Beans In Tomato Sauce 450 gm,Shashinder-PF,8901439000451,20079990
PCFFMOR0008,FGNSPLMOR00000007,Morton Sweet Corn (Cream Style) 400 gm,Shashinder-PF,8901439000338,20079990
PPKPMOR0006,PKPPROMOR00000045,Morton Sarson Ka Saag Plain 450 gm,Shashinder-PF,8901439000581,20079990
PNDPMOR0006,NDPPROMOR00000001,MORTON PENNE 500 GM,Shashinder-PF,8901439003186,20079990
PNDPMOR0002,NDPPROMOR00000003,MORTON MACRONI 500 GM,Shashinder-PF,8901439003179,20079990
PPROMOR0150,PROPROMOR00000016,Morton Soya Sauce 220 Gm,Shashinder-PF,8901439001892,20079990
PBKDSUN0004,BKDPROSUN00000001,SUNDROP SPREAD PEANUT BUTER CRUNCHY 200g,Shashinder-PF,8901512141804_100,20081100
PIRCSUN0004,BKDPROSUN00000002,SUNDROP PNT BTR REGULAR CRUNCHY JR 924g,Shashinder-PF,8901512144805_285,20081100
PSNGSUN0014,SNGSNGSUN00000001,SUNDROP PNT BTR HONEY ROST CREMY BT 462g,Shashinder-PF,8901512140708_215,20081100
PDFNGLO0026,DFNFGNGLO00000021,"Glonuts Cashew Roasted, 200 Gm",Staples & Grocery,8906061671369_399,20081910
PPROACT0076,PROPROACT00000001,Act II Butter Delight 70Gm,Shashinder-PF,8901512541901_30,20081990
PPROACT0074,PROPROACT00000002,Act II Butter Pepper Popcorn 70Gm,Shashinder-PF,8901512540508_30,20081990
PPROACT0066,PROPROACT00000006,Act II Peri Peri Popcorm 59Gm,Shashinder-PF,8901512509505_30,20081990
PPROACT0058,PROPROACT00000010,Act II Tomato Chilli Popcorn 59Gm,Shashinder-PF,8901512542106_30,20081990
PPROACT0054,PROPROACT00000012,Act 2 Pop Corn Chilli Surprise Flavour 41 Gm,Shashinder-PF,8901512540409_10,20081990
PCNPACT0002,CNPPROACT00000005,Act II Dite Popcorn 80 gm,Shashinder-PF,8901512507303,20081990
PPROACT0048,PROPROACT00000015,ACT II MICROWAVE BUTTER LOVERS 33g,Shashinder-PF,8901512507501_25,20081990
PPROACT0046,PROPROACT00000016,ACT II MICROWAVE NATURAL 33g,Shashinder-PF,8901512507709_25,20081990
PPROACT0078,PROPROACT00000018,Act -II Family Pack Golden Sizzle 90G + 30G Free,Shashinder-PF,8901512564405,20081990
PPROACT0079,PROPROACT00000019,ACT II INST POPCORN CLASIC SLTD 90g + 30G Free,Shashinder-PF,8901512564306,20081990
PPKPTOP0064,SASPROTOP00000005,Tops Soya Souce 240 gm,Shashinder-PF,8904288601428,21031000
PNDPNES0026,NDPRTCMAG00000001,Maggi Magic Masala 6.2g,Shashinder-PF,8901058868845_5,21032000
PPROTOP0362,SASPROTOP00000009,TOPS SAUCE KETCHUP TOMATO BT 1Kg,Shashinder-PF,8904288601107_143,21032000
PSASHUL0018,SASPROKIS00000005,KISSAN KETCHUP FRESH TOMATO PP 950g,Shashinder-PF,8901030653407,21032000
PSASNES0014,SASPROMAG00000002,MAGGI KETCHUP TOMATO BT 1K,Shashinder-PF,8901058846065,21032000
PSASNES0008,SASPROMAG00000007,MAGGI SAUCE HOT&SWEET CHILLI 500g,Shashinder-PF,8901058117783_110,21032000
PSASNES0006,SASPROMAG00000008,MAGGI SAUCE HOT&SWEET CHILLI 1K,Shashinder-PF,8901058101614_160,21032000
PPROMAG0005,PROPROMAG00000019,Maggi Rich Tomato Ketchup 400 G,Shashinder-PF,8901058893076,21032000
PSASTOP0010,SASPROTOP00000014,Tops Green Chilli Souce 1.15 kg,Shashinder-PF,8904288601381_90,21039020
PPKPEVR0054,PKPPROEVR00000001,Everin Snack Sauce (Extra Spicy) 200 gm,Shashinder-PF,8906104710666_50,21039020
PPKPEVR0052,PKPPROEVR00000002,Everin Snack Sauce (No Onion No Garlic) 200 gm,Shashinder-PF,8906104710598_50,21039020
PPKPEVR0048,PKPPROEVR00000005,Everin Soya Sauce 200 gm,Shashinder-PF,8906104710628_50,21039020
PNDPCHG0012,NDPPROCHG00000019,"Chings Hakka Noodles Masala, 20 gm",Shashinder-PF,8901595972159_10,21039040
PRTCMTR0070,PKPPROMTR00000004,MTR 3 MIN MAGIC MASALA UPMA PP 60g,Shashinder-PF,8901042968957,21039040
PRTCMTR0072,PKPPROMTR00000008,MTR 3 MIN POHA PP 60g,Shashinder-PF,8901042967325_20,21039040
PPKPMTR0022,PKPPROMTR00000012,MTR 3 MIN VEGETABLE UPMA PP 60g,Shashinder-PF,8901042968940_20,21039040
PPKPMTR0002,PKPPROMTR00000013,MTR Idli Dosa Chilly Chutney Power 200 Gm,Shashinder-PF,8901042954776_80,21039040
PPKPMTR0016,PKPPROMTR00000016,MTR MEDU VADA MIX 500G,Shashinder-PF,8901042957975_160,21039040
PPROMTR0080,PROPROMTR00000001,Mtr Vada Ready Mix 200 gm,Shashinder-PF,8901042954653_95,21039040
PSASHUL0026,SASPROKNR00000006,"Knorr Demi Glace Sauce Powder ,500 gm",Shashinder-PF,8901030591235,21039090
PSASHUL0080,SASPROHUL00000001,Knorr Chinese Sweet Corn Veg Soup 44 Gm,Shashinder-PF,8901512564702,21041010
PSASHUL0014,SASPROHUL00000002,KNORR SOUP HOT & SOUR VEGETABLE 43g,Shashinder-PF,8901030516269,21041010
PSASHUL0078,SASPROHUL00000003,Knorr chicken Delite Soup 44 Gm,Shashinder-PF,8901030516580,21041010
PSASHUL0074,SASPROHUL00000005,Knorr Cupsoup Hot & sour 11 Gm,Shashinder-PF,8901030555442,21041010
PSASHUL0072,SASPROHUL00000006,Knorr Instant Soup MANCHOW 12 Gm,Shashinder-PF,8901030530333,21041010
PSASHUL0070,SASPROHUL00000007,Knorr Instant Soup Mix Veg 10 Gm,Shashinder-PF,8901030671982,21041010
PSASHUL0066,SASPROHUL00000009,Knorr Instant SoupTomato Chatpata 16 Gm,Shashinder-PF,8901030757501,21041010
PPROHUL0146,PROPROKNR00000002,Knorr Shanghai Hot And Sour Chicken Soup 38Gm,Shashinder-PF,8901030609251_70,21041010
PHEDPED0014,HEDBNCPED00000002,Pedia Sure Kesar Badam Flavour 200 gm,Beverage & Confectionary,8904145911172,21069011
PHEDPED0012,HEDBNCPED00000003,Pedia Sure Vanilla Delight Flavour 1 kg,Beverage & Confectionary,8904145911875,21069011
PPKPHUL0012,PKPPROBNP00000001,"Brown & Polson Custard Powder Vanilla, 1 kg",Shashinder-PF,8901030172083,21069080
PBICPCO0004,BSCBSCLAY00000011,Lays Potato Chips - American Style Cream & Onion Flavour - 15g Pack,Shashinder-PF,8901491502030,21069099
PCNPPCO0096,BSCBSCLAY00000012,Lays Potato Chips - Classic Salted - 15g Pack,Shashinder-PF,8901491502016,21069099
PCNPPCO0094,BSCBSCLAY00000013,Lays Potato Chips - Hot n Sweet Chilli -15g Pack,Shashinder-PF,8901491502054,21069099
PCNPPCO0092,BSCBSCLAY00000014,Lays Potato Chips- Indias Magic Masala 15gm,Shashinder-PF,8901491502023,21069099
PCNPPCO0060,BSCBSCLAY00000015,Lays  Potato Chips - Flirty Tomato Tango - 15gm Pack,Shashinder-PF,8901491502047,21069099
PFTDPCO0002,BSCBSCULC00000001,Uncle Chipps Spicy Treat - 18g,Shashinder-PF,8901491400107,21069099
PDGPPCO0002,BSCBSCKUR00000001,Kurkure  Namkeen - Masala Munch - 25g Pack,Shashinder-PF,8901491367219,21069099
PCNPPCO0090,BSCBSCLAY00000016,"Lays CRISPZ Herb & Onion, 28gm",Shashinder-PF,8901491982870,21069099
PCNPPCO0088,BSCBSCLAY00000017,LAYS CRISPZ HERB & ONION 52GM,Shashinder-PF,8901491982351,21069099
PCNPPCO0010,BSCBSCLAY00000018,Lays  Potato Chips - Naughty Limon - 30 gm Pack,Shashinder-PF,8901491981538_10,21069099
PDGPHAS0002,PROPROHAS00000001,"Haldiram Panchrattan, 200gm",Shashinder-PF,8904063200044_82,21069099
PCNPPCO0080,CNPSNKULC00000003,Uncle Chips Plain Salted (MRP 10),Shashinder-PF,8901491405003,21069099
PCNPPCO0068,CNPPROKUR00000002,KURKURE RED CHILLI CHATKA 90g,Shashinder-PF,8901491100533,21069099
PCNPPCO0058,CNPPROULC00000003,Uncle chips plain salted 15.5g,Shashinder-PF,0,21069099
PCNPPCO0038,CNPPROULC00000004,Uncle Chips Plain Salted 55 Gm,Shashinder-PF,8901491435000,21069099
PDGPBIK0034,CNNSBFBIK00000001,Bikano Namkeen All In One 200 gm,Shashinder-PF,8901414015609,21069099
PDGPBIK0010,CNNSBFBIK00000004,Bikano Namkeen Kaju Mixture 200 gm,Shashinder-PF,8901414000896_70,21069099
PPROBIK0380,CNNSBFBIK00000005,Bikano Kashmiri Mixture 200 gm,Shashinder-PF,8901414000230_65,21069099
PDGPBIK0030,CNNSBFBIK00000006,Bikano Moong Dal 200 gm,Shashinder-PF,8901414000087,21069099
PDGPBIK0028,CNNSBFBIK00000007,Bikano Salted Peanut 200 gm,Shashinder-PF,8901414001176,21069099
PDGPBIK0026,CNNSBFBIK00000008,Bikano Namkeen Shahi Mixture 200 gm,Shashinder-PF,8901414048485,21069099
PDGPBIK0008,CNNSBFBIK00000009,BIKANO NAMKEEN NMKN TASTY 200G,Shashinder-PF,8901414010499_45,21069099
PCNPITC0036,CNNSBFBNG00000015,BINGO WFR TOMATO MADNESS PP 90g,Shashinder-PF,8901725198237_20,21069099
PCNPITC0026,CNNSBFBNG00000020,Bingo Mad Angles Chaat Masti Namkeen 80 gm,Shashinder-PF,8901725198442,21069099
PCNPITC0022,CNNSBFBNG00000022,Bingo Mad Angles Very Peri Peri Namkeen 40 gm,Shashinder-PF,8901725105297,21069099
PDGPHAL0048,CNNSBFHAL00000003,Haldiram Namkeen Kashmiri Mixture 400 gm,Shashinder-PF,8904063230089_133,21069099
PPKPMTR0012,PKPPROMTR00000003,MTR RAVA DOSA MIX 500g,Shashinder-PF,8901042954530_105,21069099
PPKPMTR0008,PKPPROMTR00000011,MTR SUJI UPMA MIX 170g,Shashinder-PF,8901042965543_40,21069099
PNDPTOP0010,NDPPROTOP00000004,Top Ramen Curry Instant Noodles Vegetarian 70 gm,Shashinder-PF,8901014002023,21069099
PPROBIK0392,PROPROBIK00000035,BIKANO NAMKEEN BIK BHUJIA 200G,Shashinder-PF,8901414000124_48,21069099
PPROPCO0186,PROPROKUR00000003,KURKURE RED CHILLI CHATKA 47g,Shashinder-PF,8901491363020_10,21069099
PPROPCO0184,PROPROKUR00000004,Kurkure puff corn yummy cheese 17.3 g,Shashinder-PF,8901491365666_5,21069099
PPROBIK0368,PROPROBIK00000047,BIKANO SWEET DRY PETHA BX 400g,Shashinder-PF,8901414000513_90,21069099
PPROPCO0180,PROPROKUR00000005,Kurkure Green Chatni Style 90 Gm,Shashinder-PF,8901491103084_10,21069099
PDGPBRI0084,NKMPROBRI00000001,BRIJNANDAN NI NAMK PLAIN BUNDI PP 200G,Shashinder-PF,8908000451315_60,21069099
PDGPBRI0082,NKMPROBRI00000002,BRIJNANDAN NI NAMK MASALA MIXT PP 400G,Shashinder-PF,8908000451018_105,21069099
PDGPBRI0080,NKMPROBRI00000003,BRIJNANDAN NI NAMK SADA BHUJIA PP 400G,Shashinder-PF,8908000451230_105,21069099
PDGPBRI0074,NKMPROBRI00000006,BRIJNANDAN NI NAMK DIET STICK CHIP 180g,Shashinder-PF,8908000451049_60,21069099
PDGPBRI0068,NKMPROBRI00000009,BRIJNANDAN NAMK GUD PARA PP 400g,Shashinder-PF,8908000451476_85,21069099
PDGPBRI0066,NKMPROBRI00000010,BRIJNANDAN NAMK DAAL BIZI PP 400g,Shashinder-PF,8908000451414_105,21069099
PDGPBRI0060,NKMPROBRI00000013,BRIJNANDAN NAMK GATHIYA NAMKEEN PP 400g,Shashinder-PF,8908000451162_105,21069099
PDGPBRI0056,NKMPROBRI00000015,Brijnandan Bhujia Masala Pp 400G,Shashinder-PF,8908000451247_105,21069099
PDGPBRI0054,NKMPROBRI00000016,BRIJNANDAN NAMK PLAIN NAMKEEN PP 400g,Shashinder-PF,8908000451223_105,21069099
PDGPBRI0052,NKMPROBRI00000017,Brijnandan Lasun Sev Pp 400G,Shashinder-PF,8908000451261_105,21069099
PDGPBRI0048,NKMPROBRI00000019,BRIJNANDAN NAMK PALAK MATTHI PP 400g,Shashinder-PF,8908000451438_85,21069099
PDGPBRI0044,NKMPROBRI00000021,BRIJNANDAN NAMK MADRASI NAMKEEN MIX 400g,Shashinder-PF,8908000451254_105,21069099
PDGPBRI0038,NKMPROBRI00000024,BRIJNANDAN NI NAMK GUJRATI 400g,Shashinder-PF,8908000451292_105,21069099
PDGPBRI0030,NKMPROBRI00000028,Brijnandan Panchratan 400 G,Shashinder-PF,8906062861257_105,21069099
PDGPBRI0028,NKMPROBRI00000029,Brijnandan Dal Moth 400G,Shashinder-PF,8906062861417_105,21069099
PDGPBRI0022,NKMPROBRI00000032,Brijnandan Bikaneri Bhujia 750G,Shashinder-PF,8906062861639_180,21069099
PDGPBRI0020,NKMPROBRI00000033,Brijnandan Madrasi Mixture 750G,Shashinder-PF,8906062861646_180,21069099
PDGPBRI0018,NKMPROBRI00000034,Brijnanda Chidwa Mix 750G,Shashinder-PF,8906062861653_180,21069099
PDGPBRI0012,NKMPROBRI00000037,Brijnandan Punjabi Mixture 750 Gm,Shashinder-PF,8906062861684_180,21069099
PDGPBRI0008,NKMPROBRI00000039,Brijnandan Roasted Chana 400G,Shashinder-PF,8906062861387_110,21069099
PDGPBRI0002,NKMPROBRI00000042,Brijnandan Peanut 170G,Shashinder-PF,8908000451216_60,21069099
PCNPBRI0002,CNPPROBRI00000001,Brijnandan Aloo Chips 180 Gm,Shashinder-PF,8908000451506_75,21069099
PSNKHAL0032,SNKSNKHAL00000001,Haldirams Namkeen Roasted Crushed Peanuts,Shashinder-PF,8904063210685,21069099
PCNPPCO0082,CNPSNKULC00000002,Uncle Chips Spicy Treat MRP 20,Shashinder-PF,8901491435109,21069099
PLQDKIN0004,LQDBVRKIN00000001,Kinley pkg water 1l,Beverage & Confectionary,8901764082405,22011010
PLQDKIN0002,LQDBVRKIN00000005,Kinley Water 500 ml PET X24,Beverage & Confectionary,89000724,22011010
PBNCKIN0016,BNCBNCKIN00000003,KINLEY MINERALS WATER 2L,Beverage & Confectionary,8901764082306,22011010
PLQDKIN0006,LQDBVRKIN00000003,Kinley Soda 750 ml PET X24,Beverage & Confectionary,8901764072277,22011020
PBVRCOL0012,BVRBVRTHU00000001,Thumsup 300 ml,Beverage & Confectionary,8901764041259,22021010
PJMTPAP0066,BVRBVRPAP00000004,Paper Boat Coconut Water 200 ml,Beverage & Confectionary,8906080601248,22029030
PBNCLEH0004,LQDBVRLEH00000001,Lehar Club Soda 750ml,Beverage & Confectionary,8902080704576,22029090
PBVRDBR0012,LQDBNCDBR00000001,Real Active Coconut Water 200 ml,Beverage & Confectionary,8901207014321,22029090
PBNCMAZ0001,BNCBNCMAZ00000002,Maaza Utsav 1.2 L 8N X 150 Ml Units Tetrapak,Beverage & Confectionary,8901764095931,22029920
PSSJTAT0002,GRSGRSTSL00000001,"Tata Salt, 1 Kg",Staples & Grocery,8904043901015_20,25010010
PSNGTAT0054,SSJSNGTSL00000001,Tata Salt Lite 1 Kg,Staples & Grocery,8904043901077_35,25010010
PSSJTAT0004,SSJSNGTAT00000001,"Tata Salt I Shakti, 1kg",Staples & Grocery,8904043921013_17,25010010
PSSJLOC0038,SSJSNGLOC00000017,"Black Salt, 200 Gm",Staples & Grocery,8908013998067_20,25010010
PSSJLOC0037,SSJSNGLOC00000018,"Rock Salt , 200 Gm",Staples & Grocery,8908013998043_20,25010010
PDGOENO0006,DGODGOENO00000001,Eno Orange Flavour Jar 100 gm,Beverage & Confectionary,8901571003266,30043990
POTCDBR0008,OTCDGOHAJ00000001,DABUR HAJMOLA ANARDANA BOTTLE 120 TABS,Shashinder-PF,8901207019234,30049011
POTCDBR0004,OTCDGOHAJ00000003,DABUR HAJMOLA TABLET IMLI 120 S,Shashinder-PF,8901207062865,30049011
PMRRPNG0002,OTCDGOPNG00000001,VICKS OINTMENT VAPORUB 50ml,Health & Personal Care,4987176019257,30049011
PLBSJYO0002,CNDCNDUJA00000001,UJALA LIQUID 250ML,Home & kitchen,8902102194934,32041294
PLIDJYO0002,CNDCNDUJA00000002,UJALA LIQUID 75ML,Home & kitchen,8902102194927,32041294
PHPCDBR0428,HPCHPCDBR00000009,Dabur Gulabri Roses Water 250 Ml,Health & Personal Care,89005606,33030020
PMHGPAR0004,MHGHPCPAR00000001,Park Avenue Goodmorning 150 ml,Health & Personal Care,8901277007087,33030090
PMHGPAR0002,MHGHPCPAR00000002,Park Avenue Shav Crm Good Morning 70 gm,Health & Personal Care,8901277012449,33030090
PPREPAR0028,PREPREPAR00000010,Park Avenue Epic Spray For Men 125 gm,Health & Personal Care,8901277015426,33030090
PPREPAR0016,PREPREPAR00000016,Park Avenue Original Collection Intense Body Spray 150 ml,Health & Personal Care,8901277016348,33030090
PHPCPAR0242,HPCHPCPAR00000007,Park Avenue Body Spray Marcus 150Ml,Health & Personal Care,8901277015402,33030090
PHPCPAR0236,HPCHPCPAR00000010,Park Avenue Eternity Good Morning Perfume 50Ml,Health & Personal Care,8901277017567,33030090
PHPCPAR0226,HPCHPCPAR00000015,Park Avenue Icon Perfume With Aromatic Oils 150Ml,Health & Personal Care,8901277013705,33030090
PARFDBR0004,AFSARFDOD00000007,Odonil Aerosol Lavender 270 ml,Home & kitchen,8901207027819,33030090
PHPCDBR0294,AFSARFDOD00000010,Odonil Nature Litrus Fresh Room Freshner 170 ml,Home & kitchen,8901207503917,33030090
PARFDBR0006,AFSARFDOD00000011,Odonil Nature Sandal Bouquet Room Freshner 170 ml,Home & kitchen,8901207503931,33030090
PHROEMA0020,PCRPCRNAV00000002,"Navratna Oil, 100 ml",Health & Personal Care,0,33049120
PHFWHUL0054,HFWBDCLAK00000004,Lakme Blush & Glow Strawberry Facewash 100 gm,Health & Personal Care,8901030732898,33049910
PCOSHUL0012,BCGBDCJOY00000001,Joy Honey & Almonds Advanced Nourishing Body Lotion 15 gm,Health & Personal Care,8901030648502,33049930
PHPCHIM0586,HPCHPCHIM00000045,"Himalaya Foot Care Cream, 20 gm",Health & Personal Care,0,33049990
PBCGHIM0014,BCGBDCHIM00000006,Himalaya Apricot Scrub 50 Gm,Health & Personal Care,8901138511630,33049990
PBGMJNJ0004,HPCHPCJNJ00000014,Johnsons Baby Care Cream 30 Gm,Health & Personal Care,8901012116807,33049990
PSHMHUL0050,SHMHARTRE00000002,TRES KERATIN STH SHMP 185ML,Health & Personal Care,8901030705885,33051090
PHPCHUL1538,HPCHPCCLI00000021,Clinic Plus Shampoo Strong And Long Healthy 340 Ml,Health & Personal Care,8901030748110,33051090
PBGMJNJ0020,BBCBBCJNJ00000004,"JohnsonS Baby No More Tears Johnson Baby Shampoo, 50 ml",Health & Personal Care,8901012116333,33051090
PSHMPNG0048,SHMHARPNG00000001,HEAD & SHO COND SMOOTH & SILKY 170ml,Health & Personal Care,4902430657679,33051090
PHARPNG0014,HCNHARPNG00000002,Pantene Conditioner Smooth & Silky 175 ml,Health & Personal Care,4902430899451,33051090
PSHMPNG0022,SHMHARPNG00000004,PANTENE SHMP HAIR FALL CONTROL 180ml,Health & Personal Care,4902430899192,33051090
PSHMPNG0018,SHMHARPNG00000005,Pantene Shmp Hair Fall Control 340/360Ml,Health & Personal Care,4902430899130,33051090
PSHMPNG0020,SHMHARPNG00000006,PANTENE SHMP SMOOTH SILKY 180ml,Health & Personal Care,4902430899215,33051090
PSHMPNG0006,SHMHARPNG00000007,Pantene Shmp Smooth Silky 340/360Ml,Health & Personal Care,4902430899154,33051090
PHPCBAD0080,PCRPCRBAD00000001,"Bajaj Almond Drops Hair Oil Sachet, Pack of 100",Health & Personal Care,8906014765022,33059011
PHARBAD0028,PCRPCRBAD00000002,"Bajaj Almond Drop Hair Oil, 100 ml",Health & Personal Care,8906014765961,33059011
PHARBAD0026,PCRPCRBAD00000003,"Bajaj Almond Drop Hair Oil, 200 ml",Health & Personal Care,8906014765978,33059011
PHARBAD0024,PCRPCRBAD00000004,"Bajaj Almond Drop Oil, 50 ml",Health & Personal Care,8906014765947,33059011
PPREBAD0002,PREPREBAL00000001,Bajaj Almond Drops Soap 50 G,Health & Personal Care,8906014763523_22,33059011
PHPCBAD0094,HPCHPCBAL00000001,Bajaj Almond Drops 19Ml,Health & Personal Care,8906014765039_10,33059011
PHPCBAD0092,HPCHPCBAL00000002,Bajaj Almond Drops Cool 95  Ml,Health & Personal Care,8906014761239_75,33059011
PHPCPAR0222,HPCHPCPAR00000017,Park Avenue Magnifico Perfume With Aeromatic Oils 150Ml,Health & Personal Care,8901277014146,33059019
PHPCPAR0216,HPCHPCPAR00000021,Park Avenue Regal Perfume With Aromatic Oils 150Ml,Health & Personal Care,8901277013729,33059019
PPCRPAR0018,HPCHPCPAR00000028,Park Avenue Beer Shampoo Shiny & Bouncy 180 Ml,Health & Personal Care,8901277013040,33059019
PPCRPAR0020,HPCHPCPAR00000034,Park Avenue Anti Dandruff Shampoo 350Ml,Health & Personal Care,8901277015211,33059019
PPCRPAR0016,HPCHPCPAR00000035,Park Avenue Bear Shampoo Damage Free 180Ml,Health & Personal Care,8901277012685,33059019
PPCRPAR0014,HPCHPCPAR00000037,Park Avenue Beer  Strong And Halthy Hair Shampoo 350Ml,Health & Personal Care,8901277013125,33059019
PSHMPAR0002,HPCHPCPAR00000040,Parkavenue Beer Shampoo Srrong And Healthy  Hair 350,Health & Personal Care,8901277015228,33059019
PPCRPAR0008,PCRPCRCOL00000033,PARK AVENUE SOAP Luxury 125g,Health & Personal Care,8901277012661,33059019
PHARMRC0018,HARHPCPAR00000002,Parachute Coconut Oil Easy Jar 550  ml,Health & Personal Care,8901088136860,33059019
PHARMRC0082,PCRPCRSWT00000007,"Set Wet Wet Look Hair Gel, 10 ml",Health & Personal Care,8901088062442,33059030
PHPCNEH0070,HPCHPCNEH00000005,Neha Herbals Black 1N,Health & Personal Care,8906035051517,33059090
PBGMDBR0002,BGMHPCDBR00000002,Dabur Lal Tail 200 ml,Health & Personal Care,8901207008382,33059090
PPRESTR0036,PREPRESTR00000005,Streax Hair Colour 4  Natural Brown,Health & Personal Care,8901247571525,33059090
PHPCPAR0246,HPCHPCPAR00000005,Park Avenue After Shave Lotion 100Ml,Health & Personal Care,8901277016386,33071010
PMHGVIJ0004,MHGHPCVIJ00000001,Vi John All Skin Types Shav Foam 400 gm,Health & Personal Care,8906010086336,33071010
PHPCPNG0762,HPCHPCPNG00000001,Gillete Guard Shaving Cream With Neem Seed Extract 94+31Gm,Health & Personal Care,4902430297318,33071090
PHPCGIL0014,HPCHPCGIL00000040,Gillette Shaving Gel Moisturising Tube 60 gm,Health & Personal Care,4902430588140,33071090
PBFDAMU0002,BNCBNCAMU00000012,Amul Moti Homogenised Toned Milk 450Ml,Shashinder,8901262151368_25,33072000
PAFSVIN0014,PCRPCRFOG00000002,"Fogg Napoleon Deo, 150 ml",Health & Personal Care,8908001158244,33072000
PFSPVIN0002,PCRPCRFOG00000005,"Fogg Fresh Spicy Deo, 150 ml",Health & Personal Care,8908001158862,33072000
PSBCPNG0016,SBCMHGPNG00000006,Gillette Shav Foam Regular 418G,Health & Personal Care,4902430602761,33073090
PBDCGOD0012,PCRPCRGNO00000017,"Godrej No.1 Coconut and Neem Soap, 100g (Pack of 4)",Health & Personal Care,0,34011110
PBSOJNJ0012,BBCBBCJNJ00000003,"JohnsonS Baby Soap, 100 gm",Health & Personal Care,8901012116654,34011110
PBSOJNJ0006,BBCBBCJNJ00000005,"JohnsonS Baby Soap, 150 gm",Health & Personal Care,8901012116661,34011110
PBSOJNJ0008,BSOBGMJJJ00000002,"JohnsonS Baby Soap, 150 gm (Pack of 3)",Health & Personal Care,8901012119242,34011110
PBSOJNJ0002,BSOBGMJNJ00000007,Johnsons Baby Soap 50 gm,Health & Personal Care,8901012116630,34011110
PDTBFNA0018,HOKHOKFCK00000002,"FENA DETERGENT CAKE, 190 GM",Home & kitchen,8901190101824,34011190
PDTBFNA0014,HOKHOKFCK00000001,"FENA DETERGENT CAKE, 95 GM",Home & kitchen,8901190101787,34011190
PDTBFNA0010,HNKHNKFNA00000001,Fena Detergent Cake 190 gm ( Pack of 4),Home & kitchen,8901190103149,34011190
PHNKFNA0072,HNKHNKFNA00000011,Fena Superwash Rose & Chandan TIKKI 190GM,Home & kitchen,T01309,34011190
PHNKFNA0091,HNKHNKFNA00000019,Fena Superwash Plus Bar 90G,Home & kitchen,8901190101817,34011190
PDTPGHD0004,DTPDGTGPO00000003,Ghadi Machine Wash Detergent Powder 500 gm,Home & kitchen,8901331012811,34011190
PDTBPNG0008,HOKHOKTID00000020,"Tide Detergent Bar, 185 gm",Home & kitchen,4902430860635,34011941
PHNKPNG0144,HNKHNKTID00000001,Tide Bar 70 gm,Home & kitchen,4902430920148,34011941
PBTSJNJ0002,BBCBBCJNJ00000002,"JohnsonS Baby Soap, 100 gm (Pack of 3)",Health & Personal Care,0,34013090
PBBOJNJ0008,BBCBBCJNJ00000007,"JohnsonS Baby Oil, 50 ml",Health & Personal Care,0,34013090
PBBPJNJ0006,BBCBBCJNJ00000008,"JohnsonS Baby Powder, 400 gm",Health & Personal Care,0,34013090
PBBPJNJ0010,BBCBBCJNJ00000009,"JohnsonS Baby Powder,50 gm",Health & Personal Care,0,34013090
PBGMJNJ0018,BBCBBCJNJ00000012,"JohnsonS Baby Lotion, 50 gm",Health & Personal Care,0,34013090
PBBPJNJ0004,BBPBGMJNJ00000001,"Johnsons baby Powder, 600 gm",Health & Personal Care,0,34013090
PHFWCNC0002,BDCHPCCNC00000001,Clean And Clear Morning Facewash Berry 100 ml,Health & Personal Care,8901012189368,34013090
PHPCPAR0238,HPCHPCPAR00000009,PARK AVENUE SOAP COOL BLUE 125g,Health & Personal Care,8901277012647,34013090
PHPCPAR0232,HPCHPCPAR00000012,Park Avenue Good Morning Wake Up Spray 250Ml,Health & Personal Care,8901277013095,34013090
PPCRPAR0010,PCRPCRCOL00000032,PARK AVENUE SOAP GOOD MORNING 125g,Health & Personal Care,8901277012654,34013090
PPCRPAR0006,PCRPCRCOL00000034,PARK AVENUE SOAP STORM BX 125g,Health & Personal Care,8901277013248,34013090
PLIDGOD0006,LIDLQCEZE00000001,"Godrej Ezee, 20 gm",Home & kitchen,0,34021190
PHNKHUL0257,HNKHNKHUL00000007,Active Wheel 2In1 500G,Home & kitchen,8901030827266,34022010
PDTPPNG0028,DTPDGTARE00000009,"Ariel Complete Powder,700 gm",Home & kitchen,4902430294102,34022010
PHNKPNG0136,DTPDGTARE00000011,"Ariel Pefect Wash Powder,500gm",Home & kitchen,4902430821766,34022010
PHNKARE0010,DTPDGTARE00000015,Ariel Matic Front Load 1 KgAriel Matic 1 Kg,Home & kitchen,4987176025845,34022010
PHNKARE0017,HNKHNKARE00000011,Ariel Perfectwash 1Kg,Home & kitchen,4987176033611,34022010
PCNDRBI0002,CNDCNDVAN00000001,Vanish All in One 200gm,Home & kitchen,8901396040309,34022010
PLQCRBI0006,LQCHNKHRP00000002,HARPIC BATHROOM CLEANER FLORAL 200 ML,Home & kitchen,8901396152200,34022090
PDTPGHD0008,HOKHOKGPO00000003,"GHADI DETERGENT PODWER, 140 GM",Home & kitchen,8901331003109,34029011
PDGTGHD0008,HOKHOKGPO00000002,"GHADI DETERGENT POWDER, 500 GM",Home & kitchen,8901331003864,34029011
PDTPFNA0012,HOKHOKFPW00000004,"FENA DETERGENT POWDER, 500 GM FREE SOAP RS",Home & kitchen,8901190107222,34029011
PDTPFNA0008,HOKHOKFPW00000003,"FENA DETERGENT POWDER, 140 GM",Home & kitchen,8901190106317,34029011
PHNKFNA0068,HOKHOKFPW00000002,"FENA DETERGENT POWDER, 1 KG WITH FREE SOAP MRP",Home & kitchen,8901190107239,34029011
PHNKFNA0080,HNKHNKFNA00000003,Fena Impact Wash 95 gm,Home & kitchen,0,34029011
PHNKFNA0066,HNKHNKFNA00000005,Fena Impact Wash 1Kg,Home & kitchen,8901190109127,34029011
PHNKFNA0064,HNKHNKFNA00000006,Fena Impact Wash 500Gm,Home & kitchen,8901190109110_50,34029011
PHNKFNA0078,HNKHNKFNA00000008,Fena Impact Wash Powder 4Kg,Home & kitchen,8901190109455_415,34029011
PHNKFNA0074,HNKHNKFNA00000009,Fena Super Wash Rose & Chandan 4Kg,Home & kitchen,8901190107642,34029011
PHNKFNA0060,HNKHNKFNA00000017,"FENA DETERGENT POWDER, 150 GM",Home & kitchen,8901190107369,34029011
PHNKFNI0005,HNKHNKFNI00000006,Nip Diswash Gel,Home & kitchen,8901190214241,34029012
PDGTFNA0014,HOKHOKFNI00000002,"NIP DISHWASH BAR, 130GM (Pack of 4)",Home & kitchen,8901190206451,34054000
PDGTFNA0010,HOKHOKFNI00000001,"NIP DISHWASH BAR, 300GM (Pack of 3)",Home & kitchen,0,34054000
PDTBFNA0008,DTBDGTFNI00000001,Nip Nature & Shakti Dishwash Bar 85 gm,Home & kitchen,8901190206376,34054000
PHNKFNA0088,HNKHNKFNI00000001,Nip Nature And Shakti 1.5Kg,Home & kitchen,8901190201364_31,34054000
PHNKFNA0084,HNKHNKFNI00000003,Nip Nature & Shakti Maha Tub 500Gm,Home & kitchen,8901190206413,34054000
PHNKFNA0076,HNKHNKFNI00000004,Nip Nature And Shakti 700Gm,Home & kitchen,8901190201371_16,34054000
PHMIITC0014,HMIHNKHOM00000001,Home Light Matchbox Pack 6,Home & kitchen,8906016579993,36050010
PLQDMOR0004,LQDBNCMOR00000001,Morton Non Fruit Vinegar 180 Ml,Shashinder-PF,8901439002608_30,38089191
PLQDMOR0002,LQDBNCMOR00000002,Morton Non Fruit Vinegar 580 Ml,Shashinder-PF,8901439001236,38089191
PIPCODO0002,IPCHNKGGN00000002,GODREJ GOOD NIGHT POWER ACTIV LAVENDER TWIN SAVER PACK 2U,Home & kitchen,0,38089191
PHNKODO0036,PSRIPCODO00000002,Odomos Naturals Aloe 100 gm,Home & kitchen,8901207503801,38089191
PHNKODO0030,HNKHNKODO00000006,Odomos naturals mosquito spray aloe vera+citronella 100 ml,Home & kitchen,8901207503221,38089191
PHNKRBI0370,IPCHNKMRT00000002,Mortein Power Booster 10 coils,Home & kitchen,8901396506003,38089191
PHNKRBI0368,IPCHNKMRT00000003,MORTEIN POWERGARD RATKILL 100 GM,Home & kitchen,8901396545002,38089191
PIPCGOD0006,IPCHNKGDN00000003,Good knight Activ+ Liquid 3 Refill,Home & kitchen,8901023018312,38089199
PSTSLOC1296,STSSTSLOC00000019,Thermal Paper Roll (3 inches),Home & kitchen,T00061,48114100
PHNKOFR0002,HNKHNKOFR00000001,Nivaan Bedsheet Mrp 1200,Home & kitchen,0,63041910
PHNKOFR0001,HNKHNKOFR00000002,Nivaan Bedsheet Mrp 1000,Home & kitchen,0,63041910
PHPCPNG0510,HPCHPCGIL00000023,Gillete Guard Razor,Health & Personal Care,4902430774727,82121010
PBBLJNJ0002,BBCBBCJNJ00000010,"JohnsonS Baby Lotion, 100 ml",Health & Personal Care,8901012116845,94042910
PPREORL0006,PREPREORL00000001,Oral B Kids Above 2 Years,Health & Personal Care,4902430864329,96032100
PWHGPNG0012,HEAHEAWSP00000003,Whisper Ultra Over Night XL+ 7S,Health & Personal Care,0,96190010
PSCAPNG0012,HCRHPCWSP00000001,Whisper Ultra Soft Xl 7S,Health & Personal Care,0,96190010
PSCAPNG0008,HCRHPCWSP00000002,Whisper Choice Wings 20S,Health & Personal Care,0,96190010
PHPCPNG0656,SCAWHGWSP00000005,Whisper Choice Aloe Vera 7s,Health & Personal Care,4902430846950,96190010
PSCAPNG0014,SCAWHGWSP00000006,Whisper Ultra Over Night XL+ 30S,Health & Personal Care,4902430894814,96190010
PDPNMPP0020,DPNBGMMPP00000001,Mamy Poko Pants S58,Health & Personal Care,8903622000811,96190030
PDPNMPP0018,DPNBGMMPP00000002,Mamy Poko Pants M52,Health & Personal Care,8903622000880,96190030
PDPNMPP0008,DPNBGMMPP00000003,Mamy Poko Pants S4,Health & Personal Care,0,96190030
PDPNMPP0014,DPNBGMMPP00000004,Mamy Poko Pants M7,Health & Personal Care,8993189271311,96190030
PTNCHUL0046,TNCBNCTAJ00000003,TAJ MAHAL TEA 250 GM,Beverage & Confectionary,8901030658754, 090230
PTNCHUL0058,TNCBNCTAJ00000004,Brook Bond Taj Mahal Tea 500 gm,Beverage & Confectionary,8901030658761, 090230
PBNCHUL0182,BNCBNCLIP00000003,Lipton Green Tea Tulsi Natura 25 N ,Beverage & Confectionary,8901030779312, 090230
PBNCLIP0001,BNCBNCLIP00000012,Lipton Green Tea Pure & Light,Beverage & Confectionary,8901030779688, 090230
PTNCTAT0020,TNCBNCTTE00000002,TATA AGNI LEAF 1KG,Beverage & Confectionary,8901052021192, 090230
PTNCTAT0080,TNCBNCTTE00000003,TATA Tea Agni 100gm,Beverage & Confectionary,8901052024414, 090230
PTNCTAT0040,TNCBNCTTE00000005,TATA TEA GOLD 500 GM,Beverage & Confectionary,8901052000906, 090230
PTNCTAT0018,TNCBNCTAT00000003,Tata Tea Agni 250 gm,Beverage & Confectionary,8901052024315, 090230
PTNCTET0012,TNCBNCTET00000007,Tetley Green Tea Lemon & Honey ( 25 Tea Bags ),Beverage & Confectionary,8901052022113, 090230
PTNCTET0018,TNCBNCTET00000001,Tata Tetley Original 100s,Beverage & Confectionary,8901052087600, 090240
PTEATET0002,TNCBNCTET00000003,Tetley Green Tea 25N,Beverage & Confectionary,8901052022106, 090240
PTNCTET0014,TNCBNCTET00000006,Tetley Green Tea Lemon & Honey ( 10 Tea Bags ),Beverage & Confectionary,8901052087785, 090240
PCHOCAD0120,CHOBNCCDM00000002,CADBURY DAIRY MILK CHOCO 130G,Beverage & Confectionary,8901233029856, 180632
PBNCMAR0163,BEVBEVMAR00000002,"Snickers Chocolate Bar, 15 gm",Beverage & Confectionary,8906002483990, 180690
PBNCCHO0001,BNCBNCCHO00000002,Dairy Milk Silk Mousse small 50g,Beverage & Confectionary,7622201114879, 180690
PBNCCHO0002,BNCBNCCHO00000003,Dairy Milk Silk Mousse large 116g,Beverage & Confectionary,7622201114909, 180690
PHEDHOR0060,HEDBNCHOR00000007,Horlicks Health Drink Chocolate Delight Pouch 100 gm,Beverage & Confectionary,8901571005154, 190110
PHEDHOR0006,HEDBNCHOR00000009,Horlicks Health Drink Classic Malt Jar 500 gm,Beverage & Confectionary,8901571001354, 190190
PHEDHOR0004,HEDBNCHOR00000010,Horlicks Health Drink Classic Malt Tetra 1 kg,Beverage & Confectionary,8901571000111, 190190
PCHONES0012,CHOBNCKIT00000002,NESTLE KITKAT 3F 27.5G,Beverage & Confectionary,8901058143119, 190532
PCHCNES0008,CHCCNFKIT00000003,Nestle Kit Kat Truffle 50 Gm,Beverage & Confectionary,8901058852165, 190532
PPROHAL0842,PROPROHAL00000025,Haldirams Summer Cooling Thandai Kesaria Dry Ffruit Syyrup 750 Ml ,Beverage & Confectionary,8904063270061, 200899
PTNCHUL0080,TNCBNCBRU00000004,BRU COFFEE GOLD JAR 25g,Beverage & Confectionary,8901030373886, 210111
PTNCNES0010,TNCBNCNCF00000002,Nescafe Classic Coffe 100 gm Free Mug Pack,Beverage & Confectionary,8901058822588, 210111
PBNCNES0156,TNCBNCNCF00000003,Nescafe Classic Coffee 200 gm,Beverage & Confectionary,8901058826784, 210111
PLQDAQU0002,LQDBNCAQU00000001,Aquafina Water Bottle 1 ltr,Beverage & Confectionary,8902080504060, 220110
PCBDCAT0022,LQDBNCCAT00000001,Catch Club Soda Bottle 750 ml,Beverage & Confectionary,8908004804087, 220110
PLQDBIS0008,LQDBVRBIS00000001,Bisleri pkg water 1l,Beverage & Confectionary,8906017290040, 220110
PBNCENO0036,BNCBNCENO00000001,Eno Orange Flavour 8 Gm ,Beverage & Confectionary,8901571006885, 300490
PBGMDBR0004,BGMHPCDBR00000001,Dabur Lal Tail 100 ml,Health & Personal Care,8901207003875, 300490
PHPCDBR0402,HPCHPCDBR00000016,Daburlal Tail Ayurvedic Medicins Faster Physical Growth 50Ml,Health & Personal Care,8901207003868, 300490
PJMTPAT0010,JMTBNCPAT00000001,Patanjali Aloevera Juice With Fiber 1 ltr,Beverage & Confectionary,8904109420344, 300490
PJMTPAT0008,JMTBNCPAT00000002,Patanjali Amla Juice 1 ltr,Beverage & Confectionary,8904109465000, 300490
PBCGVIC0002,BCGBDCVIC00000001,Vicco Turmeric,Health & Personal Care,8901288230603, 300490
PHPCDBR0426,HPCHPCDBR00000010,Dabur Keora Water 250 Ml,Health & Personal Care,8901207001321, 330300
PHPCVIN0238,HPCHPCFOG00000019,Fogg Xtremo Scent 100Ml,Health & Personal Care,8904238300104, 330300
PBBPJNJ0012,BBCBBCJNJ00000011,"JohnsonS Baby Powder, 100 gm",Health & Personal Care,8901012116562, 330499
PBBOJNJ0002,BBOBGMJNJ00000003,Johnsons Baby Oil 200 ml,Health & Personal Care,8901012116722, 330499
PBBOJNJ0014,BBOBGMJNJ00000004,"JohnsonS Baby Hair Oil, 100 ml",Health & Personal Care,8901012118085, 330499
PBBOJNJ0004,BBOBGMJNJ00000007,Johnsons Baby Oil With Vitamin E 100 Ml,Health & Personal Care,8901012116715, 330499
PHPCDBR0414,HPCHPCFEM00000002,Fem Fairness Natural Saffrom Cream Bleach 40 Gm,Health & Personal Care,8901103101217, 330499
PCOSVLC0004,COSBDCVLC00000001,Vlcc Bleach Insta Glow Gold Bx 60 gm,Health & Personal Care,8907122000050, 330499
PHCOHUL0026,HCOPREDOV00000002,Dove Daily Shine Conditioner 80 ml,Health & Personal Care,8901030703676, 330510
PHCOHUL0020,HCOPREDOV00000005,Dove Dryness Care Conditioner 180 ml,Health & Personal Care,8901030707735, 330510
PHCOHUL0014,HCOPREDOV00000008,Dove Hairfall Rescue Conditioner 80 ml,Health & Personal Care,8901030703652, 330510
PBBOJNJ0010,BBCBBCJNJ00000006,"JohnsonS Baby Hair Oil, 60 ml",Health & Personal Care,8901012118108, 330510
PHPCJNJ0300,BSPBGMJNJ00000004,Johnsons Baby Shampoo 100 ml,Health & Personal Care,8901012116920, 330510
PHPCJNJ0344,BBOBGMJNJ00000006,Johnsons Baby Hair Oil 200 Ml,Health & Personal Care,8901012118092, 330510
PHPCSTR0082,HPCHPCSTR00000007,Streax Insta 2 Natural Black,Health & Personal Care,8901247573420, 330510
PHCNLOR0008,HCNHARLOR00000001,Loreal Advance Repairing Conditioner 192.5 ml,Health & Personal Care,8901526101511, 330590
PHCNLOR0006,HCNHARLOR00000003,Loreal Purifying & Hydrating Conditioner 192.5 ml,Health & Personal Care,8901526513321, 330590
PDCRHUL0036,HPCHPCCLP00000012,Closeup 25G,Health & Personal Care,8901030751578, 330610
PDCRSEN0042,DCRHPCSEN00000001,Sensodyne Rapid Relief Toothpaste 80 gm,Health & Personal Care,8901571004836, 330610
PBGMJNJ0022,BBCBBCJNJ00000001,JohnsonS Baby Skincare Wipes 20S,Health & Personal Care,8901012119112, 330710
PHPCJNJ0320,HPCHPCJNJ00000041,Johnson's baby skincare wipes 80N,Health & Personal Care,8901012119150, 330710
PHPCPNG0758,HPCHPCPNG00000002,Gillette Foam Regular 50 Gm,Health & Personal Care,4902430722193, 330710
PMHGVIJ0002,MHGHPCVIJ00000002,Vijohn Shaving Cream With Bacti Guard Classic 70 gm,Health & Personal Care,8906010080440, 330710
PHPCNVE0202,BCGBDCNVE00000001,Nivea Cool Kick Deo 150 ml,Health & Personal Care,8904256001618, 330720
PBDCNVE0064,BDCHPCNVE00000001,Nivea Ice Cool Deo 120 ml,Health & Personal Care,8904256003124, 330720
PHPCYAR0038,HPCHPCYAR00000001,Yardley London Lavender Body Spray 150Ml,Health & Personal Care,8903105000192, 330720
PHMIITC0010,HMIHNKGGN00000001,MANGALDEEP SANDAL PUJA DHOOP 45 HM,Home & kitchen,8901725710627, 330741
PARFGOD0006,ARFHNKAER00000001,AER POCKET BRIGHT TANGY DELIGHT 10 GM,Home & kitchen,8901023014505, 330749
PHNKGOD0230,ARFHNKAER00000002,AER POCKET FRESH LUSH GREEN 10 GM,Home & kitchen,8901023016011, 330749
PAFSGOD0004,ARFHNKAER00000003,AER POCKET MORNING MISTY MEADOWS 10 GM,Home & kitchen,8901023014529, 330749
PHNKGOD0190,ARFHNKAER00000004,AER POCKET PETAL CRUSH PINK 10 GM,Home & kitchen,8901023016004, 330749
PARFGOD0004,ARFHNKAER00000005,AER POCKET VOILET VALLEYBLOOM 10 GM,Home & kitchen,8901023014512, 330749
PARFGOD0002,ARFHNKAER00000006,GODREJ AER SPRAY PETAL CRUSH PINK 270 ML,Home & kitchen,8901157045093, 330749
PARFDBR0012,ARFHNKDOD00000002,ODONIL ROOM SPRAY  CITRUS FRESH 270 ML,Home & kitchen,8901207027826, 330749
PHNKDBR0100,AFSARFDOD00000009,Odonil Nature Jasmine Fresh Room Freshner 170 ml,Home & kitchen,8901207503214, 330749
PHNKDBR0098,HNKHNKDOD00000001,Odonil Jasmine Fresh 240 ml,Home & kitchen,8901207503177, 330749
PHPCFAL0007,HPCHPCFAL00000031,Fair Lovely Glow Lovely Face Wash 50G,Health & Personal Care,8901030821394, 340130
PBCGNVE0016,BCGBDCNVE00000004,Nivea Water Lili Bodywash 250 ml,Health & Personal Care,8904256000659, 340130
PBCGNVE0002,BDCHPCNVE00000032,Nivea Shower Gel Active Clean Men 250 ml,Health & Personal Care,8904256001168, 340130
PBDCNVE0014,BDCHPCNVE00000033,Nivea Shower Gel Frangipani&Oil Bottle 250 ml,Health & Personal Care,8904256000802, 340130
PHPCNVE0208,BDCHPCNVE00000034,Nivea Shower Gel Lemon&Oil 250 ml,Health & Personal Care,8904256000956, 340130
PBDCNVE0012,BDCHPCNVE00000035,Nivea Shower Gel Pure Impact Men 250 ml,Health & Personal Care,8904256000833, 340130
PLIDGOD0002,LIDLQCEZE00000003,Ezee Winter Wear Chiffon And Silk 470+30 ml,Home & kitchen,8901023005817, 340220
PLDCHUL0008,LDCLQCVIM00000001,"Vim Drop Active Gel Green, 250 ml",Home & kitchen,8901030760624, 340220
PLIDHUL0008,LQCHNKCOM00000001,COMFORT  FABRIC CONDITIONER AFTER WASH LILY FRESH 220 ml,Home & kitchen,8901030690372, 340220
PCNDHUL0020,CNDCNDRIN00000001,Rin Fabric Whitener 500ml,Home & kitchen,8901030761195, 340220
PLQCHUL0004,LQCHNKVIM00000001,VIM DROP LIQUID DISHWASH ACTIVE GEL LEMON 500 ML,Home & kitchen,8901030391163, 340220
PHNKHUL0246,HNKHNKSRF00000003,Surf Excel Matic Liquid Top Load 500 ml,Home & kitchen,8901030695728, 340220
PHNKHUL0226,HNKHNKSRF00000007,Surf Excel Matic Liquid 1.02 Ltr,Home & kitchen,8901030695711, 340220
PHNKHUL0269,HNKHNKHUL00000019,Tide Double Powder Lemon & Mint 500Gm,Home & kitchen,4902430299190, 340220
PHNKARE0016,DTPDGTARE00000008,"Ariel Complete Powder,1Kg + 500gm FREE",Home & kitchen,4902430294164, 340220
PDTPPNG0026,DTPDGTARE00000012,"Ariel Pefect Wash Powder,80gm(12+1)",Home & kitchen,4902430845335, 340290
PSGSSCJ0016,SGSSOCKIW00000002,Kiwi Dranex 375 Gm,Home & kitchen,8906006432604, 340290
PCNDPAT0014,CNDCNDPAT00000003,PATANJALI DETERGENT POWDER NEEM CITRUS LEMON  FRAGRANCE & FRESHNESS 500 GM,Home & kitchen,8904109443022, 340290
PWXSSCJ0002,WXSSOCKIW00000001,Kiwi Wax Polish Black 40 gm,Home & kitchen,8906006432468, 340510
PSGSSCJ0014,SGSSOCKIW00000003,Kiwi Instant Polish All Colour Leather 85 Ml,Home & kitchen,8906006432406, 340510
PSOCRBI0002,SOCHNKCHR00000002,CHERRY BLOSSOM WHITE LIQUID CANVAS SHOE CLEANER  75 ML,Home & kitchen,8901396057109, 340510
PHOKHUL0004,LDCLQCVIM00000002,Vim Dishwash Bar+ Scrubber,Home & kitchen,8901030670183, 340540
PCNDHUL0004,CNDCNDVIM00000005,"Vim Anti Smell Bar, 135 gm",Home & kitchen,8901030765063, 340540
PHNKITC0090,HNKHNKVIV00000002,Vim Lemons Bar 300 gm,Home & kitchen,8901030743467, 340540
PPSRGOD0006,PSRIPCGOD00000001,Godrej Good Knight Silver Reffill 45 ml,Home & kitchen,8901157001167, 380891
PPSRGOD0004,PSRIPCGDN00000001,Good Knight Fabric Roll On 8 ml,Home & kitchen,8901023018329, 380891
PLFCHUL0002,CNDCNDDOM00000001,Domex Toilet Cleaner 500ml,Home & kitchen,8901030722608, 380894
PHNKNEE0003,HNKHNKNEE00000003,MEPS 180 ML DEEP BOWL PK OF 50,Home & kitchen,8908010989228, 482370
PHNKNEE0005,HNKHNKNEE00000005,"PAPER CUP 150 ML, PACK OF 100",Home & kitchen,8908010923000, 482370
PHNKNEE0006,HNKHNKNEE00000006,"PAPER CUP 90 ML, PACK OF 100",Home & kitchen,8908010923024, 482370
PHPCLOR0269,HPCHPCLOR00000056,Gala Sponge Wipe Cleaner Home Everday,Health & Personal Care,8901663252312, 560394
PHMIGAL0006,HMIHNKGAL00000002,Gala Floor Cloth,Home & kitchen,8901663003990, 630710
PHNKLOC6104,HMIHNKLOC00000032,Yellow Duster Pack Of 6,Home & kitchen,8906025681212, 630710
PHNKLOC7414,HNKHNKLOC00002419,XL Pocha PK OF 2,Home & kitchen,8906025684008, 630710
PHOKMMM0012,HOKHOKSCO00000018,Scotch Brite 15Gm,Home & kitchen,8901361301572, 732310
PHNKNEE0001,HNKHNKNEE00000008,DAILYWRAP ALUMINIUM FOIL 9 M,Home & kitchen,8911839648672, 760711
PHMILOC0094,HMIHNKLOC00000065,Fresh Rappfoil Paper 9 Mtr,Home & kitchen,8902587091117, 760719
PHPCGIL0010,PCRPCRWIL00000001,Wilkinson Blade 5S,Health & Personal Care,4902430853446, 821220
PGHEPNG0002,GHESNGGOW00000004,GILLETTE GUARD 3N,Health & Personal Care,4902430853880, 821220
PDCRCOL0002,DCRHPCCOL00000027,Colgate Zig Zag Medium Toothbrush Pack Of 3,Health & Personal Care,8901314116420, 960390
PSGSSCJ0018,SOCHNKKIW00000001,KIWI SHOE SHINE BRUSH 1 N,Home & kitchen,8906006432499, 960390
PSTSMMM0002,HMIHNKSCO00000001,SCOTCH BRITE SCRUB SPONGE 3 M (PK OF 2),Home & kitchen,8901361305747, 960390
PHMIGAL0004,HMIHNKGAL00000003,Gala Super Scrub 1N,Home & kitchen,8901663004102, 960390
PHNKGAL0020,HNKHNKGAL00000001,Gala No Dust Broom 1 U,Home & kitchen,8901663104000, 960390
PHMIUNB0004,HMIHNKLOC00000057,Clothes mope M,Home & kitchen,8901663209415, 960390
PHNKLOC4464,HNKHNKLOC00002441,15.5INCH BLADE 36INCH RODE SUMO WIPER,Home & kitchen,8906025680307, 960390
PHMIUNB0002,HMIHNKUNB00000025,BROOM ,Home & kitchen,8906025681526, 960390
PHMIUNB0006,HMIHNKUNB00000026,Kitchen Wiper,Home & kitchen,8906025680277, 960390
PSCAJNJ0010,PREPRESTF00000002,"Stayfree Secure cottony Extra Large , 20 s",Health & Personal Care,8901012165737, 961900
PBGMJNJ0002,HPCHPCJNJ00000022,Johnsons Buds 75N,Health & Personal Care,8901012157046, 961900
PSCAPNG0022,SCAWHGWSP00000004,Whisper  Ultra Clean Xl+ 44N,Health & Personal Care,4902430473194, 961900
PHPCSOF0062,HPCHPCSOF00000001,Sofy Anti Bacteria 99.9% 7 N,Health & Personal Care,8903622000132, 961900
PPLBRUL0006,FGNSPLNUT00000001,"Nutrela Soya Granules Box, 200 Gm",Staples & Grocery,8906032010999_45,2106100
PSNGRUL0038,FGNSPLNUT00000002,"Nutrela Soya Mini Chunks Box, 200 Gm",Staples & Grocery,8906032011019_45,2106100
PPLBRUL0018,FGNSPLNUT00000003,"Nutrela Soya Chunks Box, 200 Gm",Staples & Grocery,8906032016571_45,2106100
PPLBRUL0016,FGNSPLNUT00000004,"Nutrela Soya Bari Chunks, Hanger Pack",Staples & Grocery,8906032017899_10,2106100
PPLBRUL0014,FGNSPLNUT00000005,"Nutrela Soya Bari Mini Chunks, Hanger Pack",Staples & Grocery,8906032017875_10,2106100
PIFDNES0006,IFDPRONPR00000001,Nestle Nan Pro 4,Shashinder-PF,8901058859744_575,04022990
PINFNES0014,PROPRONES00000001,NESTLE INFANT FOOD NAN 3 BX 400g,Shashinder-PF,8901058859751_590,04022990
PSNGNES0024,SNGSNGMIL00000001,NESTLE CONDMILK MILKMAID 400g,Shashinder-PF,8901058100600_125,04022990
PPKPDBR0026,PKPPROHNY00000002,Dabur Honey 50 Gm,Shashinder-PF,8901207045370_37,04090000
PPKPDBR0024,PKPPROHNY00000003,Dabur Honey 100 Gm,Shashinder-PF,8901207005374_62,04090000
PBKDPAT0008,BKDPROPAT00000001,Patanjali Honey 1 kg,Shashinder-PF,8904109449239,04090000
PBKDPAT0006,BKDPROPAT00000002,Patanjali Honey 250 gm,Shashinder-PF,8904109449215,04090000
PBKDPAT0004,BKDPROPAT00000003,Patanjali Honey 500 gm,Shashinder-PF,8904109449222,04090000
PDFNGLO0032,DFNFGNGLO00000018,"Glonuts Coconut Powder, 100 Gm",Staples & Grocery,8906061670560_59,08011100
PDFNGLO0050,DFNFGNGLO00000009,"Glonuts Cashew Broken, 100 Gm",Staples & Grocery,8906061670218_109,08013210
PDFNGLO0048,DFNFGNGLO00000010,"Glonuts Cashew Broken, 200 Gm",Staples & Grocery,8906061670225_209,08013210
PDFNGLO0060,DFNFGNGLO00000004,"Glonuts Cashew Standard W320, 100 Gm",Staples & Grocery,8906061670041_149,08013220
PDFNGLO0058,DFNFGNGLO00000005,"Glonuts Cashew  Standard W320, 200 Gm",Staples & Grocery,8906061670058_299,08013220
PDFNGLO0056,DFNFGNGLO00000006,"Glonuts Cashew  Standard W320, 500 Gm",Staples & Grocery,8906061670065_699,08013220
PDFNGLO0066,DFNFGNGLO00000001,"Glonuts Almond American, 100 Gm",Staples & Grocery,8906061670003_149,08021200
PDFNGLO0064,DFNFGNGLO00000002,"Glonuts Almond American, 200 Gm",Staples & Grocery,8906061670010_259,08021200
PDFNGLO0062,DFNFGNGLO00000003,"Glonuts Almond American, 500 Gm",Staples & Grocery,8906061670027_649,08021200
PDFNGLO0024,DFNFGNGLO00000022,"Glonuts Almond Roasted, 200 Gm",Staples & Grocery,8906061671376_349,08021200
PDFNGLO0042,DFNFGNGLO00000013,"Glonuts Walnut Giri, 100 Gm",Staples & Grocery,8906061670324_249,08023200
PDFNGLO0040,DFNFGNGLO00000014,"Glonuts Walnut Giri, 200 Gm",Staples & Grocery,8906061670331_499,08023200
PDFNGLO0046,DFNFGNGLO00000011,"Glonuts Pistachio Roasted, 100 Gm",Staples & Grocery,8906061670270_229,08025100
PDFNGLO0044,DFNFGNGLO00000012,"Glonuts Pistachio Roasted, 200 Gm",Staples & Grocery,8906061670287_449,08025100
PDFNGLO0054,DFNFGNGLO00000007,"Glonuts Kismish Yellow, 100 Gm",Staples & Grocery,8906061670171_49,08062010
PDFNGLO0052,DFNFGNGLO00000008,"Glonuts Kismish Yellow, 200 Gm",Staples & Grocery,8906061670188_89,08062010
PDFNGLO0028,DFNFGNGLO00000020,"Glonuts Munnakka, 100 Gm",Staples & Grocery,8906061670713_89,08062010
PDFNGLO0038,DFNFGNGLO00000015,"Glonuts Combo Pack, 300 Gm",Staples & Grocery,8906061670461_359,08135020
PTHPHUL0016,THPDCRLIP00000001,Lipton Green Tea Pure & Light (10 Tea Bags),Beverage & Confectionary,8901030783210,09023020
PTNCTAT0062,TNCBNCTTE00000001,TATA Tea premium 100gm,Beverage & Confectionary,8901052004492,09023020
PTNCTAT0038,TNCBNCTAT00000005,Tata Tea Elaichi Chai 1 kg,Beverage & Confectionary,8901052022434,09023020
PTNCTAT0060,TNCBNCTTE00000015,Tata Tea Premium Jar 250 gm,Beverage & Confectionary,8901052010325,09023020
PBEVHUL0012,TNCBNCTAZ00000004,Brooke Bond Taaza Masala Chaska 250 gm,Beverage & Confectionary,8901030686504,09024090
PPROLOC0880,PROPROLOC00000262,Smith & Jones Peri Peri Spice Mix 12 G,Shashinder-PF,8901595863426_10,19012000
PPROHAL0812,PROPROHAL00000040,Haldirams Minute Khana Rajma Raseela  With Plain Rice Combo Meal 375 Gm,Shashinder-PF,8904063230508_110,19059020
PBKDAPI0002,BKDPROAPI00000002,Apis Fruitilicious Mix Fruit Jam (Buy 1 Get 1 Free),Shashinder-PF,8906021927406_150,20079990
PNDPFNF0002,NDPPROFNF00000001,Dr Oetker Funfood Pasta Alfredo With Cheese 275 gm,Shashinder-PF,8906002003785_115,21039030
PHMIHAR0002,HMIHNKHAR00000005,HARI DARSHAN DHOOP 16 STICKS,Home & kitchen,8901684602646,33074100
PDTPHUL0004,DTPDGTWHE00000011,Active Wheel 2 In 1 Clean Fresh Cake 180 gm,Home & kitchen,8901030699474,340130
