,product_sku,product_name,picked_pieces,picked_pieces_pickup,ordered_pieces,available,reserved,ordered,picked,shipped
OGCSNGGEM00000001,OGCSNGGEM00000001,"Gemini Refined Soyabean Oil Pouch, 1ltr",132,132,0,0.0,0.0,60.0,360.0,1092.0
OGCSNGFOR00000019,OGCSNGFOR00000019,"Fortune Refined Soya Bean Oil Pouch, 1 Ltr",1664,1664,0,367.0,0.0,896.0,2848.0,22017.0
GRSGRSSOI00000012,GRSGRSSOI00000012,"Saffola Gold Pouch, 1 Ltr",104,104,0,4063.0,0.0,36.0,204.0,1613.0
BNCBNCTOY00000009,BNCBNCTOY00000009,Test WMS live,0,0,0,,,,,
BNCBNCTOY00000008,BNCBNCTOY00000008,TestProduct_2809,18,18,0,,,,,
CNDCNDGPO00000001,CNDCNDGPO00000001,Ghadi Detergent Powder 3 kg,0,0,0,6.0,0.0,0.0,0.0,39.0
TEABEVTTE00000006,TEABEVTTE00000006,Tata Tea Premium 500Gm,102,102,0,870.0,0.0,84.0,114.0,906.0
TEABEVTTE00000005,TEABEVTTE00000005,Tata Tea Premium 1Kg,27,27,0,159.0,0.0,9.0,45.0,270.0
OGCSNGPAS00000004,OGCSNGPAS00000004,"Paras Ghee Tetra, 1 Ltr",33,33,0,166.0,0.0,18.0,45.0,444.0
SCSSNGCAT00000066,SCSSNGCAT00000066,"Catch Turmeric Powder Pouch, 200 gms",38,38,0,21.0,0.0,8.0,38.0,93.0
HOKHOKFPW00000004,HOKHOKFPW00000004,"FENA DETERGENT POWDER, 500 GM FREE SOAP RS-5",55,55,0,4.0,0.0,1.0,80.0,394.0
OGCSNGAMU00000004,OGCSNGAMU00000004,"Amul Ghee Tetra, 500 ml",10,10,0,103.0,0.0,5.0,14.0,118.0
SCSSNGCAT00000069,SCSSNGCAT00000069,"Catch Red Chilli Powder, 100 gm",52,52,0,52.0,0.0,24.0,64.0,342.0
SCSSNGCAT00000065,SCSSNGCAT00000065,"Catch Red Chili Powder Pouch, 200GM",25,25,0,10.0,0.0,0.0,25.0,133.0
SCSSNGCAT00000008,SCSSNGCAT00000008,"Catch Hing, 25 gm",10,10,0,0.0,0.0,0.0,80.0,300.0
SCSSNGCAT00000083,SCSSNGCAT00000083,"Catch Hing, 50 gm",25,25,0,10.0,0.0,16.0,25.0,202.0
SCSSNGCAT00000085,SCSSNGCAT00000085,Catch Red Chilli Powder 500 G Pouch,2,2,0,0.0,0.0,0.0,2.0,96.0
OGCSNGMAH00000005,OGCSNGMAH00000005,"Mahakosh Soyabean Pouch, 1 Ltr",144,144,0,0.0,0.0,780.0,156.0,5064.0
PCRPCRCOL00000012,PCRPCRCOL00000012,Colgate  Kids 0-2 SINGLE  Toothbrush,6,6,0,48.0,0.0,0.0,6.0,36.0
FGNSPLNUT00000003,FGNSPLNUT00000003,"Nutrela Soya Chunks, 200 gm (Box)",99,99,0,141.0,0.0,0.0,99.0,0.0
PLBSNGLDA00000022,PLBSNGLDA00000022,"Moong Dhuli Kori,30 kg",1,1,0,39.0,0.0,0.0,1.0,9.0
PLBSNGNUT00000005,PLBSNGNUT00000005,"Nutrela Soya Mini Chunks, 200 gm + 20 gm Extra (Box)",72,72,0,67.0,0.0,96.0,72.0,198.0
OGCSNGAMU00000006,OGCSNGAMU00000006,"Amul Ghee Tetra, 1 Ltr",6,6,0,172.0,0.0,2.0,11.0,55.0
OGCSNGMAD00000026,OGCSNGMAD00000026,"Madhusudan Desi Ghee Jar, 1 Ltr",9,9,0,3.0,0.0,0.0,9.0,66.0
PLBSNGLDA00000023,PLBSNGLDA00000023,"Moong Chilka, 30 kg",1,1,0,39.0,0.0,0.0,1.0,8.0
PLBSNGLDA00000030,PLBSNGLDA00000030,"Masoor Sabut, 30 Kg",2,2,0,32.0,0.0,1.0,2.0,3.0
PLBSNGLDA00000028,PLBSNGLDA00000028,"Malka Masoor Kori, 30 Kg",4,4,0,10.0,0.0,1.0,4.0,16.0
PCRPCRVAS00000002,PCRPCRVAS00000002,"VASELINE DEEP STORE LOTION, 20ML",0,0,0,0.0,0.0,9.0,0.0,98.0
BACSBFPAR00000002,BACSBFPAR00000002,Parle 20 20 Cashew Cookies 70 gm,0,0,0,0.0,0.0,14.0,0.0,76.0
CNPPROYLD00000035,CNPPROYLD00000035,"YD Potato Chips Cream-n-Onion, 31 gm",15,15,0,485.0,0.0,0.0,15.0,358.0
BDCHPCGNO00000003,BDCHPCGNO00000003,"Godrej No.1 Saffron and Milk Cream Soap, 100g (Buy 4 Get 1 Free)",28,28,0,30.0,0.0,1.0,28.0,91.0
CNPPROYLD00000011,CNPPROYLD00000011,"YD Potato Chips Spicy Treat, 13 gm + 2.6 gm extra",14,14,0,364.0,0.0,0.0,14.0,280.0
BDCHPCBOR00000002,BDCHPCBOR00000002,Boroplus Ointment 6 Ml pouch,45,45,0,5343.0,0.0,36.0,45.0,258.0
PCRPCRHNC00000003,PCRPCRHNC00000003,"Hair & Care Fruit Oils Green, 50 ml",21,21,0,83.0,0.0,6.0,27.0,63.0
CNPPROYLD00000010,CNPPROYLD00000010,"YD Potato Chips Magic Masala, 15 gm",1,1,0,337.0,0.0,0.0,1.0,138.0
THPDCRCOL00000015,THPDCRCOL00000015,"Colgate Strong Teeth,18 gm",36,36,0,216.0,0.0,12.0,216.0,624.0
CNNSBFLAY00000010,CNNSBFLAY00000010,Lays  Potato Chips - Spanish Tomato Tango - 55 gm  Pack,15,15,0,64.0,0.0,15.0,15.0,390.0
BDCHPCHIM00000002,BDCHPCHIM00000002,"Himalaya Lip Balm, 10 gm",2,2,0,41.0,0.0,2.0,2.0,20.0
BTSBDCLUX00000030,BTSBDCLUX00000030,"Lux Jasmine Bloom Soap, 100 gm",36,36,0,102.0,0.0,6.0,36.0,90.0
THBDCRCOL00000034,THBDCRCOL00000034,Colgate Super Flexi SOFT SINGLE Toothbrush (12 Super Flexi + 1 Charcoal Free),36,36,0,468.0,0.0,0.0,36.0,156.0
GRSGRSUTS00000001,GRSGRSUTS00000001,"Uttam Sulphurless Sugar, 5Kg",23,23,0,338.0,0.0,5.0,23.0,146.0
BTSBDCVIV00000001,BTSBDCVIV00000001,Vivel Aloe Vera 63gm,10,10,0,132.0,0.0,0.0,10.0,100.0
BACSBFPRI00000013,BACSBFPRI00000013,Priyagold Snacks Zig Zag Biscuit 75gm,0,0,0,206.0,0.0,30.0,130.0,396.0
NKMSNKCRX00000025,NKMSNKCRX00000025,CRAX NAV RATTAN (Mrp 5),24,24,0,384.0,0.0,0.0,48.0,260.0
SASPROMOR00000019,SASPROMOR00000019,Morton Tomato Ketchup ( N.P ) 200 gm,4,4,0,7.0,0.0,0.0,4.0,10.0
PLBSNGLOC00000037,PLBSNGLOC00000037,ECO CHANA DAL 1 KG,2,2,0,348.0,0.0,0.0,10.0,282.0
IFDPROAMU00000004,IFDPROAMU00000004,"Amulspray Infant Powder Tin, 500 Gm",108,108,0,120.0,0.0,12.0,108.0,25.0
IFDPROAMU00000003,IFDPROAMU00000003,"Amulspray Infant Powder Tin, 1 Kg",12,12,0,47.0,0.0,3.0,12.0,88.0
SCAWHGSTF00000008,SCAWHGSTF00000008,Stayfree Secure Cottony Extra Lagre 6N,9,9,0,411.0,0.0,0.0,12.0,75.0
SCAWHGSTF00000006,SCAWHGSTF00000006,"Stayfree secure cottony ,soft cover Regular , 7 S",9,9,0,10.0,0.0,12.0,9.0,77.0
BREBREEVD00000001,BREBREEVD00000001,"EVERYDAY Dairy Whitner Powder, 20gm",96,96,0,976.0,0.0,36.0,96.0,48.0
DTPDGTGPO00000004,DTPDGTGPO00000004,"GHADI DETERGENT POWDER, 135 GM",12,12,0,6007.0,0.0,0.0,17.0,559.0
HOKHOKGPO00000002,HOKHOKGPO00000002,"GHARI DETERGENT POWDER, 500 GM",129,129,0,0.0,0.0,0.0,129.0,270.0
ALFSNGAAS00000002,ALFSNGAAS00000002,"Aashirvaad Shudh Chakki Atta, 10 Kg",105,105,0,0.0,0.0,45.0,105.0,235.0
NDPPROMAG00000023,NDPPROMAG00000023,"MAGGI 2-MIN Masala Noodles, 420gm",66,66,0,24.0,0.0,18.0,232.0,708.0
TNCPDMNCF00000002,TNCPDMNCF00000002,"Nescafe Classic Dawn Jar, 50 gm",15,15,0,27.0,0.0,2.0,24.0,113.0
SCSSNGCAT00000086,SCSSNGCAT00000086,Catch Dal Makhani Masala 100 gm,4,4,0,45.0,0.0,0.0,4.0,31.0
HOKHOKGGN00000001,HOKHOKGGN00000001,Good knight Advanced Fast Card,52,52,0,317.0,0.0,0.0,80.0,275.0
OGCSNGMOT00000008,OGCSNGMOT00000008,"Moti Mustard Oil Pouch, 1 Ltr",2400,2400,0,0.0,0.0,96.0,2580.0,2628.0
RGRSNGFOR00000005,RGRSNGFOR00000005,"Fortune Rozana Basmati Rice, 1 kg",24,24,0,271.0,0.0,3.0,67.0,316.0
SSJSNGTSL00000003,SSJSNGTSL00000003,"Tata Salt,1 kg Mrp 21",1550,1550,0,8000.0,0.0,450.0,1550.0,
BEVBEVTAZ00000005,BEVBEVTAZ00000005,"Taaza Tea, 15 gm",45,45,0,33.0,0.0,36.0,86.0,856.0
PCRPCRBAD00000004,PCRPCRBAD00000004,"Bajaj Almond Drop Oil, 50 ml",28,28,0,188.0,0.0,0.0,28.0,217.0
BEVBEVMDE00000010,BEVBEVMDE00000010,"Mountain Dew, 2.25 Ltr",45,45,0,131.0,9.0,27.0,72.0,3744.0
CBDBNCLIM00000002,CBDBNCLIM00000002,"Limca, 2 Ltr",27,27,0,15.0,0.0,18.0,27.0,
BEVBEVCOC00000011,BEVBEVCOC00000011,"Coke, 750 ml",216,216,0,1008.0,0.0,192.0,240.0,1392.0
CBDBNCTHU00000001,CBDBNCTHU00000001,"Thums Up, 2 Ltr",36,36,0,2.0,0.0,27.0,36.0,63.0
OGCSNGNFS00000001,OGCSNGNFS00000001,"Nature Fresh Refined Soyabean Oil Pouch, 1Ltr",204,204,0,9888.0,0.0,204.0,348.0,2364.0
OGCSNGFOR00000046,OGCSNGFOR00000046,"Fortune Kachi Ghani Mustard Pet, 1 Ltr",180,180,0,4560.0,0.0,360.0,432.0,4752.0
CHCCNFPRI00000001,CHCCNFPRI00000001,Priyagold Hunk Pouch,6,6,0,126.0,0.0,12.0,6.0,216.0
HROHARDAM00000007,HROHARDAM00000007,"Dabur Amla Hair Oil, 50 ml",6,6,0,2.0,0.0,4.0,6.0,272.0
LBCLQCGPH00000012,LBCLQCGPH00000012,"Gainda Napthalene Balls, 100 gm",33,33,0,29.0,0.0,12.0,42.0,356.0
CHOBNCFIV00000004,CHOBNCFIV00000004,Cadbury Five Star Chocolate Home Pack 200 gm,1,1,0,9.0,0.0,0.0,1.0,16.0
PKPPROMTR00000004,PKPPROMTR00000004,MTR 3 Minute Breakfast Vegetable Upma Pouch 60 gm,0,0,0,127.0,0.0,0.0,0.0,105.0
BFDSNGAMU00000004,BFDSNGAMU00000004,"Amul Fresh Cream Tetra, 250 mL",4,4,0,27.0,0.0,3.0,19.0,710.0
WHGHPCSTF00000002,WHGHPCSTF00000002,Stayfree Secure Ultra 10's,2,2,0,750.0,0.0,0.0,2.0,8.0
BEVBEVBOO00000006,BEVBEVBOO00000006,Boomer Watermelon Jelly Chewing Gum Big Jar (184 pcs+8 Pcs Free),0,0,0,0.0,0.0,2.0,0.0,1.0
BEVBEVTHU00000011,BEVBEVTHU00000011,"Thums Up, 750 ml",336,336,0,6482.0,0.0,168.0,720.0,4704.0
BKDPROTIL00000002,BKDPROTIL00000002,Suji Rusk 400 Gm,0,0,0,2.0,0.0,0.0,0.0,38.0
OGCSNGMAD00000028,OGCSNGMAD00000028,"Madhusudan Desi Ghee Tetra, 500 mL",13,13,0,655.0,0.0,18.0,32.0,51.0
NDPPROPAT00000001,NDPPROPAT00000001,Patanjali Atta Noodles Classic 60 gm,108,108,0,9925.0,0.0,324.0,534.0,4488.0
BSCBSCYIP00000003,BSCBSCYIP00000003,"ITC Yippee Magic Masala Noodles, 60gm",5592,5592,0,36448.0,0.0,336.0,6612.0,45600.0
OGCSNGMAD00000033,OGCSNGMAD00000033,"Madhusudan Desi Ghee ,  200 mL Jar",357,357,0,393.0,0.0,12.0,357.0,
THBDCRCOL00000037,THBDCRCOL00000037,Colgate Zig Zag Anti-Bacterial 6 pc hanger Medium 6+1,18,18,0,126.0,0.0,0.0,18.0,78.0
THPDCRCOL00000012,THPDCRCOL00000012,"Colgate Maxfresh Blue Toothpaste, 150gm",2,2,0,2.0,0.0,1.0,2.0,20.0
OGCSNGMAD00000031,OGCSNGMAD00000031,"Madhusudan Pure Ghee Poly, 500 mL",0,0,0,296.0,0.0,4.0,0.0,
OGCSNGPAT00000008,OGCSNGPAT00000008,"Patanjali Cow Ghee Tetra, 1Ltr + Patanjali Sabji Masala, 100 gm FREE",14,14,0,86.0,0.0,2.0,12.0,200.0
BKDPROTOP00000025,BKDPROTOP00000025,TOPS SNACKMIX KHAMAN DHOKLA 200G,2,2,0,7.0,0.0,0.0,2.0,6.0
BICPROBAK00000040,BICPROBAK00000040,Bakkii Badam Bite 200 g,4,4,0,84.0,0.0,2.0,4.0,134.0
PKPPROFNF00000012,PKPPROFNF00000012,Funfoods Sandwich Spread Thousnd Island EL 300g,5,5,0,3.0,0.0,3.0,5.0,73.0
PCRPCRGEX00000001,PCRPCRGEX00000001,Godrej Expert Rich Creme Hair Colour Natural Black (1.00),91,91,0,143.0,0.0,32.0,91.0,134.0
BEVBEVMDE00000012,BEVBEVMDE00000012,"Mountain Dew, 750 ml",168,168,0,2660.0,0.0,48.0,336.0,36426.0
OGCSNGMAA00000002,OGCSNGMAA00000002,"Maanik Soya Bean Refined Oil Pouch,1 Ltr",132,132,0,1568.0,0.0,0.0,144.0,780.0
SSJSNGLOC00000010,SSJSNGLOC00000010,"Eco Refined Sugar, 2 Kg",43,43,0,960.0,0.0,0.0,154.0,629.0
OGCSNGMAA00000003,OGCSNGMAA00000003,"Maanik Soya Bean Refined, 500 ml (pouch)",48,48,0,722.0,0.0,48.0,48.0,813.0
BICPROBAK00000041,BICPROBAK00000041,Bakkii Kaju Pista 200 g,5,5,0,72.0,0.0,5.0,5.0,139.0
BICPROPRI00000003,BICPROPRI00000003,Priyagold Butter Lite Jeera75G,50,50,0,20.0,0.0,100.0,50.0,280.0
BICPROPRI00000009,BICPROPRI00000009,Priyagold Choco Chekkers,5,5,0,0.0,0.0,0.0,70.0,809.0
PKPPROSMJ00000001,PKPPROSMJ00000001,"Smith & Jones Ginger Garlic Paste, 25 gm",16,16,0,193.0,0.0,0.0,16.0,30.0
BICPROBAK00000039,BICPROBAK00000039,Bakkii Dry Fruit Delight 200 g,1,1,0,42.0,0.0,2.0,1.0,
SNGSNGPBS00000004,SNGSNGPBS00000004,"PAN Poha, 500 gm",3,3,0,346.0,0.0,0.0,10.0,63.0
BICPROANL00000022,BICPROANL00000022,Anmol Hit & Run 100Gm,20,20,0,61.0,0.0,0.0,20.0,20.0
BEVBEVDIE00000001,BEVBEVDIE00000001,"Diet Coke - CAN, 300ML",96,96,0,240.0,0.0,24.0,96.0,
BFDSNGAMU00000003,BFDSNGAMU00000003,"Amul Fresh Cream Tetra, 1 Ltr",252,252,0,0.0,0.0,0.0,252.0,63.0
OGCSNGMAD00000023,OGCSNGMAD00000023,"Madhusudan Desi Ghee Tetra, 1 Ltr",24,24,0,290.0,0.0,18.0,75.0,431.0
HARHPCHNS00000001,HARHPCHNS00000001,"H&S Shampoo Smooth & Silky, 8.5ml + Conditioner 9ml",32,32,0,183.0,0.0,16.0,32.0,22.0
HARHPCHNS00000002,HARHPCHNS00000002,"H&S Shampoo Silky Black, 8.5ml + Conditioner 9ml",32,32,0,877.0,0.0,0.0,32.0,
OGCSNGMAD00000032,OGCSNGMAD00000032,Madhusudan Desi Ghee Poly pack 1 Ltr,10,10,0,50.0,0.0,0.0,10.0,
PLBSNGLOC00000049,PLBSNGLOC00000049,ECO MOONG DHULI 1 KG,18,18,0,54.0,0.0,3.0,77.0,293.0
SSJSNGMDR00000002,SSJSNGMDR00000002,"Madhur Pure & Hygienic Sugar, 5 Kg",4,4,0,41.0,0.0,10.0,4.0,65.0
OGCSNGAMU00000010,OGCSNGAMU00000010,"Amul Ghee Tetra, 1 Ltr",42,42,0,52.0,0.0,2.0,64.0,527.0
BEVBEVMIR00000006,BEVBEVMIR00000006,"Mirinda, 2.25 Ltr",18,18,0,9.0,0.0,0.0,18.0,144.0
OGCSNGRUG00000002,OGCSNGRUG00000002,"Ruchi Gold Palm Oil, 1 Litre",160,160,0,2265.0,0.0,50.0,430.0,2115.0
PLBSNGLOC00000045,PLBSNGLOC00000045,ECO MASOOR MALKA 1 KG,5,5,0,275.0,0.0,2.0,44.0,255.0
SSJSNGLOC00000011,SSJSNGLOC00000011,"Eco Refined Sugar, 1 Kg",15,15,0,136.0,0.0,0.0,15.0,1269.0
PLBSNGLOC00000036,PLBSNGLOC00000036,ECO ARHAR DAL 500 GM,21,21,0,1183.0,0.0,0.0,47.0,1553.0
PLBSNGLOC00000050,PLBSNGLOC00000050,ECO MOONG DHULI 500 GM,15,15,0,347.0,0.0,0.0,88.0,288.0
PLBSNGLOC00000046,PLBSNGLOC00000046,ECO MASOOR MALKA 500 GM,7,7,0,172.0,0.0,2.0,82.0,399.0
BSOBGMJJJ00000003,BSOBGMJJJ00000003,"JohnsonS Baby Soap, 150 gm",9,9,0,7.0,0.0,0.0,13.0,40.0
OGCSNGMAH00000007,OGCSNGMAH00000007,"Mahakosh Soyabean Pouch, 1 Ltr",360,360,0,0.0,0.0,4584.0,480.0,360.0
BEVBEVTRO00000007,BEVBEVTRO00000007,"Tropicana - Mixed Fruit Delight Fruit Juice, 200ml",29,29,0,0.0,0.0,0.0,29.0,
GRSGRSMDH00000009,GRSGRSMDH00000009,"MDH Jeera Pwd, 100G",2,2,0,93.0,0.0,4.0,2.0,14.0
SCSSNGMDH00000001,SCSSNGMDH00000001,"MDH Pav Bhaji Masala, 100 gm",4,4,0,21.0,0.0,0.0,4.0,98.0
BBPBGMJNJ00000007,BBPBGMJNJ00000007,"JohnsonS Baby Powder, 200 gm",6,6,0,44.0,0.0,2.0,6.0,17.0
PROPROMAG00000003,PROPROMAG00000003,Maggi Pazzta Masala,12,12,0,101.0,0.0,4.0,20.0,150.0
HPCHPCDOV00000003,HPCHPCDOV00000003,"Dove Daily Shine Conditioner Sachet, 7 ml",64,64,0,2430.0,0.0,20.0,80.0,318.0
HOKHOKFCK00000001,HOKHOKFCK00000001,"FENA DETERGENT CAKE, 95 GM",40,40,0,7950.0,0.0,0.0,40.0,1120.0
BTSBDCDET00000005,BTSBDCDET00000005,"Dettol Soap Skincare, 75 gm",21,21,0,0.0,0.0,16.0,21.0,73.0
BICPROUNI00000016,BICPROUNI00000016,"Unibic Cookies -Milk Cookies, 60g",60,60,0,276.0,0.0,0.0,96.0,288.0
BICPROUNI00000008,BICPROUNI00000008,"Unibic Cookies - Honey Oatmeal cookies, 37.5g",12,12,0,60.0,0.0,0.0,36.0,468.0
PLBSNGLDA00000018,PLBSNGLDA00000018,"Chana Dal Dry, 30 Kg",0,0,0,2.0,0.0,0.0,0.0,19.0
BEVBEVSPR00000011,BEVBEVSPR00000011,"Sprite, 750 ml",72,72,0,1176.0,0.0,120.0,216.0,1152.0
BEVBEVCOC00000001,BEVBEVCOC00000001,"Coke - CAN, 300 ml ",24,24,0,336.0,0.0,0.0,24.0,192.0
HOKHOKGCK00000002,HOKHOKGCK00000002,"GHARI DETERGENT CAKE, 190 GM",56,56,0,0.0,0.0,0.0,56.0,2184.0
DTBDGTGHD00000003,DTBDGTGHD00000003,Ghadi Detergent Cake 300 Gm,15,15,0,68.0,0.0,0.0,15.0,103.0
HOKHOKGPO00000003,HOKHOKGPO00000003,"GHARI DETERGENT PODWER, 140 GM",106,106,0,1158.0,0.0,52.0,106.0,184.0
LBCLQCGPH00000013,LBCLQCGPH00000013,"Gainda Napthalene Balls, 200 gm",10,10,0,222.0,0.0,0.0,10.0,164.0
PKPPROFNF00000029,PKPPROFNF00000029,Funfoods Peanut Butter Crunchy 925g,0,0,0,0.0,0.0,4.0,0.0,27.0
BNCBNCTRO00000004,BNCBNCTRO00000004,Tropicana Litchi Juice 500 ml,24,24,0,259.0,0.0,0.0,24.0,
BNCBNCTRO00000002,BNCBNCTRO00000002,Tropicanan Mix Fruit Juice 500 ml,24,24,0,453.0,0.0,24.0,24.0,119.0
OGCSNGMAD00000030,OGCSNGMAD00000030,"Madhusudan Desi Ghee Jar, 1 Ltr",2,2,0,13.0,0.0,2.0,2.0,
NKMPROBIK00000012,NKMPROBIK00000012,Bikano Khatta Meetha 400 gm,4,4,0,3.0,0.0,0.0,4.0,18.0
SASPROMOR00000002,SASPROMOR00000002,Morton Tomato Ketchup Pouch 1Kg,3,3,0,26.0,0.0,0.0,3.0,6.0
BKDPROTOP00000008,BKDPROTOP00000008,TOPS DESSERTMIX CUS BTRSCT 100G,0,0,0,3.0,0.0,4.0,0.0,62.0
PLBSNGNUT00000002,PLBSNGNUT00000002,"Nutrela Soya Bari Mini Chunks, 45 gm + 20% Extra Free",66,66,0,163.0,0.0,0.0,90.0,384.0
BFDSNGRAJ00000005,BFDSNGRAJ00000005,"Rajdhani Dalia, 1 kg",12,12,0,20.0,0.0,4.0,12.0,25.0
PKPPROTOP00000108,PKPPROTOP00000108,"Tops Dessertmix Vanila Favour, 100G 30% Extra",6,6,0,7.0,0.0,2.0,11.0,58.0
PROPROMAG00000010,PROPROMAG00000010,Maggi 2 Minutes Masala Noodles 560Gm,5,5,0,143.0,0.0,0.0,5.0,462.0
JMTBNCAMU00000001,JMTBNCAMU00000001,"Amul Masti Buttermilk, 200 ml",60,60,0,283.0,0.0,0.0,60.0,261.0
BFDSNGAMU00000024,BFDSNGAMU00000024,Amul Moti Homogenised Toned Milk 450Ml,24,24,0,24.0,0.0,0.0,24.0,24.0
BRDBRDAMU00000010,BRDBRDAMU00000010,Amul Cheese Spread 180 Gm,48,48,0,0.0,0.0,0.0,48.0,
BFDSNGAMU00000006,BFDSNGAMU00000006,Amul Butter 500 gm,60,60,0,28.0,0.0,2.0,60.0,90.0
PLBSNGLDA00000029,PLBSNGLDA00000029,"Masoor Dal, 30 Kg",2,2,0,68.0,0.0,1.0,2.0,4.0
RGRSNGIND00000019,RGRSNGIND00000019,"India Gate Mini Mogra-II, 10 Kg",2,2,0,117.0,0.0,0.0,2.0,33.0
SCSSNGMDH00000024,SCSSNGMDH00000024,MDH Chicken Masala 100 gm,6,6,0,27.0,0.0,6.0,6.0,71.0
ALFSNGAAS00000003,ALFSNGAAS00000003,"Aashirvaad Sudh Chakki Atta, 5 Kg",0,0,0,7.0,0.0,50.0,10.0,794.0
BFDSNGMOH00000006,BFDSNGMOH00000006,"Mohuns Museli F & N, 425 gm",3,3,0,10.0,0.0,0.0,3.0,3.0
JMTBNCMAZ00000003,JMTBNCMAZ00000003,Maaza Mango Drink Pet Bottle 600 ml,72,72,0,1.0,0.0,0.0,72.0,
BFDSNGMOH00000004,BFDSNGMOH00000004,"Mohuns Cornflakes Poly Bag, 900+90 gm",2,2,0,0.0,0.0,2.0,2.0,46.0
BFDSNGMOH00000001,BFDSNGMOH00000001,"Mohuns Cornflakes Poly Bag, 500 gm",6,6,0,90.0,0.0,24.0,30.0,252.0
PLBSNGNUT00000001,PLBSNGNUT00000001,"Nutrela Soya Bari Chunks, 45 gm +20% Extra free",52,52,0,1312.0,0.0,0.0,52.0,399.0
HPCHPCPAR00000010,HPCHPCPAR00000010,Park Avenue Eternity Good Morning Perfume 50Ml,1,1,0,23.0,0.0,0.0,1.0,
PCRPCRCOL00000032,PCRPCRCOL00000032,PARK AVENUE SOAP GOOD MORNING 125g,2,2,0,191.0,0.0,0.0,2.0,8.0
HPCHPCPAR00000044,HPCHPCPAR00000044,Park Avenue Buy 3 Get 1 Free ,1,1,0,0.0,0.0,0.0,1.0,6.0
OGCSNGMFD00000001,OGCSNGMFD00000001,"MilkFood Pure Ghee Tetra, 1 Ltr",30,30,0,229.0,0.0,34.0,30.0,7.0
BICPROBAK00000034,BICPROBAK00000034,Bakkii Atta Cookies 200 g,1,1,0,77.0,0.0,0.0,1.0,54.0
BSCBSCUNI00000002,BSCBSCUNI00000002,Unibic -Orange Milk Cookies 100 gm,0,0,0,4261.0,0.0,0.0,0.0,76.0
OGCSNGMDG00000017,OGCSNGMDG00000017,"Mother Dairy Ghee Desi Tetra, 1 Ltr",24,24,0,236.0,0.0,9.0,24.0,90.0
LQDBVRKIN00000004,LQDBVRKIN00000004,Kinley Water 1 Ltr PET X12,12,12,0,24.0,0.0,0.0,12.0,144.0
BICPROBAK00000001,BICPROBAK00000001,Bakkii Attta Cookies 300 g,1,1,0,69.0,0.0,0.0,1.0,98.0
BSCBSCUNI00000001,BSCBSCUNI00000001,Unibic -Cashew Badam Cookies 100 gm,0,0,0,2362.0,0.0,30.0,8.0,299.0
SSJSNGBAJ00000001,SSJSNGBAJ00000001,Loose Single Refined Sugar 50 Kg,2,2,0,201.0,0.0,0.0,2.0,22.0
RGRSNGIND00000026,RGRSNGIND00000026,"India Gate Dubar, 1KG",6,6,0,341.0,0.0,0.0,6.0,53.0
SASPROMOR00000005,SASPROMOR00000005,Morton Tomato Puree 450 Gm,6,6,0,28.0,0.0,0.0,6.0,6.0
RGRSNGIND00000027,RGRSNGIND00000027,India Gate Basmati Classic 1 kg,3,3,0,20.0,0.0,0.0,3.0,37.0
RGRSNGIND00000017,RGRSNGIND00000017,"India Gate Rozaana, 1KG",6,6,0,337.0,0.0,0.0,6.0,57.0
OGCSNGGOW00000003,OGCSNGGOW00000003,"Gowardhan Pure Cow Ghee Jar, 1 Ltr",4,4,0,69.0,0.0,0.0,4.0,12.0
PLBSNGLDA00000019,PLBSNGLDA00000019,"Kala Chana Filter, 30 Kg",1,1,0,4.0,0.0,0.0,1.0,38.0
HFWBDCDET00000008,HFWBDCDET00000008,Dettol Liquid Handwash Original 175 ml,35,35,0,612.0,0.0,58.0,50.0,407.0
SNGSNGPAS00000002,SNGSNGPAS00000002,"Paras Ghee Tetra, 500 ml",18,18,0,229.0,0.0,30.0,36.0,507.0
BEVBEVAMU00000003,BEVBEVAMU00000003,"Amul Kool Badam, 180ml",299,299,0,1.0,0.0,0.0,299.0,12.0
PKPPROCHG00000006,PKPPROCHG00000006,CHINGS VINEGAR CHILLY 170m,5,5,0,150.0,0.0,0.0,5.0,74.0
THPDCRPAT00000012,THPDCRPAT00000012,"Patanjali Dant Kanti ,200 gm(Free Saundarya Aloevera Gel,15 ml)",0,0,0,0.0,0.0,1.0,0.0,0.0
PLBSNGLDA00000017,PLBSNGLDA00000017,"Arhar Dal (Fatka), 30 Kg",3,3,0,23.0,0.0,0.0,3.0,14.0
FGNSPLNUT00000001,FGNSPLNUT00000001,"Nutrela Soya Granules, 200 gm (Box)",6,6,0,528.0,0.0,0.0,6.0,78.0
HOKHOKFPW00000003,HOKHOKFPW00000003,"FENA DETERGENT POWDER, 140 GM",72,72,0,2089.0,0.0,0.0,132.0,612.0
BSCBSCMAG00000008,BSCBSCMAG00000008,"MAGGI 2-MIN Masala Noodles, 70gm",24,24,0,8.0,0.0,192.0,68.0,11768.0
DEOPCRSPI00000005,DEOPCRSPI00000005,Spinz Deo Livewire 150 ml,1,1,0,9.0,0.0,0.0,1.0,1.0
DEOPCRSPI00000004,DEOPCRSPI00000004,Spinz Deo Hi Flyer 150 ml,1,1,0,14.0,0.0,0.0,1.0,
DEOPCRSPI00000001,DEOPCRSPI00000001,Spinz Deo Achiever 150 ml,1,1,0,10.0,0.0,0.0,1.0,2.0
OGCSNGPAR00000008,OGCSNGPAR00000008,"Parivar Mustard Oil Pet, 1Lt",24,24,0,264.0,0.0,12.0,24.0,300.0
HEAHEABND00000001,HEAHEABND00000001,BAND-AID Flexi 10's (Regular),1,1,0,180.0,0.0,0.0,1.0,126.0
BEVBEVMAZ00000002,BEVBEVMAZ00000002,"Maaza - Tetra, 150 ml",80,80,0,0.0,0.0,0.0,80.0,400.0
OGCSNGPAR00000006,OGCSNGPAR00000006,"Parivar Mustard Oil Pet, 5Ltr",4,4,0,80.0,0.0,0.0,6.0,82.0
OGCSNGPAR00000003,OGCSNGPAR00000003,"Parivar Mustard Oil Pet, 500ml",0,0,0,504.0,0.0,0.0,0.0,24.0
OGCSNGPAR00000009,OGCSNGPAR00000009,"Parivar Mustard Oil Pet, 2Ltr",6,6,0,264.0,0.0,0.0,18.0,162.0
BSCBSCPAR00000024,BSCBSCPAR00000024,Parle H&S Black Bourbon Vanilla 100gm,30,30,0,21.0,0.0,0.0,30.0,27.0
HOKHOKREV00000003,HOKHOKREV00000003,"Revive Anti Bacterial Instant Starch,50 gm",14,14,0,5.0,0.0,4.0,14.0,174.0
BBPBGMJNJ00000006,BBPBGMJNJ00000006,"JohnsonS Baby Powder, 50 gm",24,24,0,52.0,0.0,0.0,24.0,84.0
BBOBGMJNJ00000009,BBOBGMJNJ00000009,"JohnsonS Baby Hair Oil, 60 ml",3,3,0,435.0,0.0,0.0,21.0,30.0
BVRBNCKOL00000001,BVRBNCKOL00000001,"Amul Kool Kesar, 180 ml (MRP 20)",240,240,0,61.0,0.0,0.0,240.0,90.0
JMTLQDKOL00000001,JMTLQDKOL00000001,"Amul Kool Elaichi, 180 ml (MRP 20)",240,240,0,60.0,0.0,0.0,240.0,60.0
BSCBSCUNI00000003,BSCBSCUNI00000003,"Unibic - Choco Hazelnut Cookies, 100 gm",0,0,0,309.0,0.0,34.0,0.0,136.0
BSCBSCTOY00000014,BSCBSCTOY00000014,Too Yumm! Multigrain Chips Dahi Papdi Chaat 54g,0,0,0,25.0,0.0,0.0,9.0,66.0
THPDCRCOL00000032,THPDCRCOL00000032,"Colgate Strong Teeth, 300 gm",1,1,0,4.0,0.0,6.0,4.0,62.0
SHMHARDOV00000016,SHMHARDOV00000016,DOVE IRT SHPO 340ML,6,6,0,2.0,0.0,1.0,6.0,6.0
CNPPROYLD00000037,CNPPROYLD00000037,"YD Potato Chips Plain Salted, 31 gm",5,5,0,443.0,0.0,0.0,5.0,332.0
CNPPROYLD00000032,CNPPROYLD00000032,"YD Chips Tomchi, 65 gm",1,1,0,167.0,0.0,0.0,1.0,
SCSSNGCKD00000015,SCSSNGCKD00000015,"Chukde Dhania Powder, 200 gm",1,1,0,8.0,0.0,0.0,1.0,4.0
HPCHPCHIM00000042,HPCHPCHIM00000042,"Himalaya Acne n Pimple Cream, 20 gm",1,1,0,147.0,0.0,0.0,1.0,1.0
BVRBVRCAT00000009,BVRBVRCAT00000009,Catch Guava Juice 600 ml Pet Bottle,2,2,0,9.0,0.0,0.0,2.0,19.0
PROPROPRI00000017,PROPROPRI00000017,"Priyagold Valencia Fruit & Nut Chocolate, 60 gm",2,2,0,474.0,0.0,6.0,2.0,82.0
PLBSNGLOC00000042,PLBSNGLOC00000042,ECO KABULI $ 500 GM,7,7,0,587.0,0.0,6.0,7.0,2.0
PLBSNGLOC00000038,PLBSNGLOC00000038,ECO CHANA DAL 500 GM,1,1,0,221.0,0.0,8.0,66.0,460.0
PLBSNGLOC00000052,PLBSNGLOC00000052,ECO RAJMA CHITRA 1 KG,1,1,0,4.0,0.0,0.0,57.0,204.0
NKMPROBIK00000045,NKMPROBIK00000045,Bikano Tasty Spicy Coated Peanuts 200 gm,6,6,0,53.0,0.0,0.0,6.0,22.0
SCSSNGCKD00000062,SCSSNGCKD00000062,Chukde Sabudana 200 gm,2,2,0,10.0,0.0,0.0,2.0,34.0
SCSSNGCAT00000002,SCSSNGCAT00000002,"Catch Shahi Paneer Masala, 100 gm",3,3,0,35.0,0.0,0.0,3.0,87.0
SCSSNGCKD00000053,SCSSNGCKD00000053,"Chukde Lal Mirch Powder, 100 gm",2,2,0,150.0,0.0,0.0,2.0,10.0
PLBSNGLOC00000041,PLBSNGLOC00000041,ECO KABULI $ 1 KG,2,2,0,507.0,0.0,0.0,4.0,0.0
SGSSOCKIW00000003,SGSSOCKIW00000003,Kiwi Instant Polish All Colour Leather 85 Ml,2,2,0,155.0,0.0,3.0,2.0,4.0
NDPPROBAM00000001,NDPPROBAM00000001,"Bambino Macaroni Elbow, 850 gm",11,11,0,9.0,0.0,0.0,11.0,24.0
PKPPROFNF00000021,PKPPROFNF00000021,Funfoods Italian Pizza Topping 325g,2,2,0,3.0,0.0,0.0,2.0,23.0
PROPROPRI00000014,PROPROPRI00000014,"Priyagold Chatpatta Cashew JAR, 200 gm",0,0,0,25.0,0.0,5.0,0.0,60.0
HPCHPCNOM00000001,HPCHPCNOM00000001,"Bajaj Nomarks Ayurveda Antimarks Face Wash Oily Skin, 50 gm",1,1,0,1.0,0.0,0.0,1.0,16.0
PKPPROEVR00000023,PKPPROEVR00000023,"Everin Green Chilli Pickles Jar, 500 gm",4,4,0,0.0,0.0,1.0,4.0,1.0
FSPBDCENG00000008,FSPBDCENG00000008,Engage XX1 Cologne 135ml,0,0,0,12.0,0.0,0.0,0.0,0.0
HPCHPCWSP00000002,HPCHPCWSP00000002,Whisper Ultra Soft Xl 7S,2,2,0,4.0,0.0,0.0,2.0,6.0
HMIHNKKCO00000003,HMIHNKKCO00000003,KCO FOIL 72 MTR,1,1,0,1.0,0.0,0.0,1.0,6.0
BACSBFPAR00000003,BACSBFPAR00000003,Parle 20 20 Butter Cookies 70 gm,0,0,0,24.0,0.0,6.0,0.0,105.0
SCSSNGCAT00000063,SCSSNGCAT00000063,Catch Sabzi Masala 100 G,7,7,0,143.0,0.0,18.0,7.0,22.0
PHGHPCBND00000001,PHGHPCBND00000001,"Band Aid washproof Antiseptic, 100 N + 30 N FREE",2,2,0,152.0,0.0,0.0,2.0,4.0
BEVBEVLIM00000011,BEVBEVLIM00000011,"Limca, 750 ml",48,48,0,1490.0,0.0,47.0,288.0,1488.0
WHGHPCVET00000001,WHGHPCVET00000001,"Veet Silk & Fresh Hair Removal Cream, Normal Skin,50 gm",0,0,0,0.0,0.0,2.0,0.0,215.0
SHGHPCDUR00000019,SHGHPCDUR00000019,"Durex Condoms, Extra Time - 3 Pcs",5,5,0,68.0,0.0,0.0,5.0,93.0
OGCSNGAMU00000003,OGCSNGAMU00000003,"Amul Ghee Tin, 1 ltr",10,10,0,18.0,0.0,2.0,72.0,174.0
HPCHPCHIM00000090,HPCHPCHIM00000090,"Himalaya Refreshing Baby Soap, 75 gm",12,12,0,78.0,0.0,1.0,12.0,24.0
BBOBGMHIM00000002,BBOBGMHIM00000002,Himalaya Baby Massage Oil 50 ml,11,11,0,4.0,0.0,0.0,11.0,3.0
HPCHPCLUX00000009,HPCHPCLUX00000009,Lux Velvet Touch Jasmine & Almond Oil Soap 100 Gm ,24,24,0,161.0,0.0,6.0,40.0,39.0
PCRPCRFAL00000002,PCRPCRFAL00000002,"Fair & Lovely Advance Mulivitamin, 15gm",0,0,0,63.0,0.0,25.0,0.0,87.0
SCSSNGCAT00000075,SCSSNGCAT00000075,"Catch Chana Masala Carton, 100 gms",4,4,0,111.0,0.0,6.0,4.0,102.0
MRRPHGVIC00000002,MRRPHGVIC00000002,"Vicks vaporub , 5 Ml",0,0,0,21.0,0.0,12.0,12.0,244.0
SHMHARDOV00000023,SHMHARDOV00000023,"Dove Intense Repair Shampoo, 8.5 ml",32,32,0,1526.0,0.0,32.0,32.0,134.0
NKMPROBIK00000018,NKMPROBIK00000018,Bikano Badam Lachha 400 gm,2,2,0,6.0,0.0,0.0,2.0,28.0
BICPROANL00000012,BICPROANL00000012,Anmol Butter Bake 45Gm,20,20,0,385.0,0.0,0.0,20.0,74.0
SASPROKIS00000025,SASPROKIS00000025,Kissan Sweet & Spicy Sauce 1 kg,2,2,0,38.0,0.0,0.0,2.0,18.0
BNCBNCVAN00000009,BNCBNCVAN00000009,Mentos Strawberry Flavour Chewy Candy Stick Pack 655.2 g Pack of 18 ,2,2,0,20.0,0.0,0.0,2.0,
BNCBNCVAN00000006,BNCBNCVAN00000006,Mentos Mint Flavour Chewy candy Stick Pack 655.2 g Pack of 18 ,1,1,0,23.0,0.0,0.0,1.0,0.0
SASPROMAG00000004,SASPROMAG00000004,"Maggi Tomato Ketchup, 1 KG Bottle",0,0,0,3.0,0.0,0.0,0.0,105.0
BSOBGMJNJ00000009,BSOBGMJNJ00000009,"JohnsonS Baby Soap, 100 gm",3,3,0,156.0,0.0,0.0,3.0,30.0
THBDCRCOL00000014,THBDCRCOL00000014,"Colgate Kids 2+ Extra Soft Hanger, 6",12,12,0,468.0,0.0,6.0,30.0,102.0
THBDCRCOL00000023,THBDCRCOL00000023,"Colgate Super flexi Charcoal Medium Tooth Brush, 10 + 2",10,10,0,1073.0,0.0,0.0,10.0,100.0
SASPROKNR00000001,SASPROKNR00000001,Knorr Chinese Schezuan 49 gm,10,10,0,71.0,0.0,0.0,10.0,2.0
BEVBEVWRI00000005,BEVBEVWRI00000005,"Doublemint Strongmint Chewing Gum Tab, 7.4 gm",48,48,0,156.0,0.0,0.0,48.0,48.0
CHOBNCMUN00000003,CHOBNCMUN00000003,NESTLE MUNCH 10.1G,24,24,0,0.0,0.0,0.0,24.0,0.0
BICPROPRI00000031,BICPROPRI00000031,Priyagold Butter Bite Butter Cashew 200 gm,4,4,0,0.0,0.0,5.0,11.0,23.0
BICPROPAR00000014,BICPROPAR00000014,Parle G 800 Gm,9,9,0,61.0,0.0,6.0,30.0,474.0
CHOBNCKIT00000003,CHOBNCKIT00000003,Nestle Kitkat Chocolate 37.3 gm,18,18,0,0.0,0.0,17.0,18.0,1.0
BEVBEVFAN00000004,BEVBEVFAN00000004,"Fanta, 250 ml",0,0,0,0.0,0.0,21.0,0.0,0.0
HPCHPCHNS00000006,HPCHPCHNS00000006,Head & Shoulders Anti Hair fall 72 ml,3,3,0,313.0,0.0,0.0,3.0,15.0
SCSSNGCAT00000073,SCSSNGCAT00000073,"Catch Kashmiri Mirch Powder Carton, 100 gms",2,2,0,39.0,0.0,6.0,18.0,244.0
SCSSNGCAT00000074,SCSSNGCAT00000074,Catch - Chat Masala - Sprinkler - 50 G,0,0,0,1.0,0.0,4.0,0.0,15.0
TNCPDMNCF00000001,TNCPDMNCF00000001,"Nescafe Classic Jar, 25 gm",0,0,0,0.0,0.0,1.0,0.0,48.0
BSOBGMHIM00000002,BSOBGMHIM00000002,"Himalaya Gentle Baby Soap, 75 gm",0,0,0,17.0,0.0,2.0,0.0,23.0
OGCSNGMAH00000006,OGCSNGMAH00000006,"Mahakosh Soyabean Pouch, 1 Ltr",24,24,0,0.0,0.0,516.0,24.0,180.0
PLBSNGNUT00000006,PLBSNGNUT00000006,"Nutrela Soya Granules, 200 gm + 20 gm Extra (Box)",6,6,0,356.0,0.0,6.0,6.0,12.0
BBOBGMHIM00000001,BBOBGMHIM00000001,"Himalaya Baby Massage oil, 100 ml",3,3,0,30.0,0.0,2.0,3.0,11.0
NDPPROPAT00000005,NDPPROPAT00000005,Patanjali Atta Noodles Chatpata 60 gm,87,87,0,223.0,0.0,114.0,309.0,1878.0
HROHARBAD00000002,HROHARBAD00000002,"Bajaj Almond Drops Hair Oil, 500 ml",6,6,0,0.0,0.0,0.0,6.0,33.0
PCRPCRHNC00000006,PCRPCRHNC00000006,"Hair & Care Fruit Oils Green, 500 ml",0,0,0,0.0,0.0,4.0,0.0,14.0
PKPPROKIS00000006,PKPPROKIS00000006,"Kissan Orange Marmalade,200 gm",3,3,0,22.0,0.0,0.0,3.0,13.0
PKPPROMOH00000001,PKPPROMOH00000001,"Mohuns Non Fruit Vinegar, 500 ml",0,0,0,14.0,0.0,0.0,0.0,0.0
PCRPCRBAD00000001,PCRPCRBAD00000001,"Bajaj Almond Drops Hair Oil Sachet, Pack of 100",100,100,0,3400.0,0.0,0.0,200.0,6400.0
OGCSNGDHA00000015,OGCSNGDHA00000015,Dhara Kachi Ghani Mustard Oil 5 ltr,4,4,0,0.0,0.0,2.0,4.0,66.0
NDPPROMAG00000017,NDPPROMAG00000017,"MAGGI 2-MIN Masala Noodles, 280gm",6,6,0,0.0,0.0,0.0,66.0,1734.0
RGRSNGIND00000018,RGRSNGIND00000018,"India Gate Rice - Basmati Mogra, 5kg",1,1,0,307.0,0.0,6.0,4.0,49.0
RGRSNGIND00000022,RGRSNGIND00000022,"India Gate Rice - Basmati Mini Mogra, 5kg",1,1,0,450.0,0.0,0.0,2.0,42.0
RGRSNGIND00000024,RGRSNGIND00000024,"India Gate Regular Choice, 1 Kg",5,5,0,9.0,0.0,0.0,5.0,46.0
CBDBNCFAN00000002,CBDBNCFAN00000002,"Fanta, 2 Ltr",18,18,0,27.0,0.0,9.0,18.0,
BTSBDCDET00000015,BTSBDCDET00000015,Dettol Original Soap 75Gm Pk4+1,5,5,0,0.0,0.0,4.0,5.0,83.0
HEAHEABND00000002,HEAHEABND00000002,BAND-AID Wash Proof 10's (Regular),1,1,0,541.0,0.0,0.0,1.0,121.0
HROHARCLA00000002,HROHARCLA00000002,"Bajaj Cool Almond Drops Hair Oil, 95 ml",20,20,0,17.0,0.0,0.0,20.0,16.0
SHMHARCLI00000002,SHMHARCLI00000002,"Clinic Plus Strong & Long Shampoo, 80 ml",9,9,0,197.0,0.0,0.0,9.0,27.0
SCSSNGMDH00000010,SCSSNGMDH00000010,"MDH Super Compounded Hing Powder, 10g",14,14,0,0.0,0.0,9.0,16.0,246.0
GRSGRSRAJ00000010,GRSGRSRAJ00000010,"Rajdhani Maida, 1 Kg",3,3,0,97.0,0.0,3.0,3.0,2.0
PLBSNGRAJ00000112,PLBSNGRAJ00000112,Rajdhani Masoor Sabut 1 Kg,0,0,0,31.0,0.0,0.0,0.0,1.0
PLBSNGRAJ00000156,PLBSNGRAJ00000156,"Rajdhani Rajma Chitra, 500 gm",4,4,0,0.0,0.0,17.0,4.0,56.0
NDPRTCRAJ00000001,NDPRTCRAJ00000001,"Rajdhani Vermicelli long cut, 150 gm",8,8,0,45.0,0.0,0.0,8.0,35.0
PLBSNGRAJ00000092,PLBSNGRAJ00000092,Rajdhani Moong Dhuli 500 gm,1,1,0,1.0,0.0,0.0,1.0,1.0
GHESNGGOW00000002,GHESNGGOW00000002,"Gowardhan Ghee Jar, 500ml",8,8,0,176.0,0.0,0.0,12.0,4.0
NDPPROBAM00000005,NDPPROBAM00000005,"Bambino Pasta Spirali, 500 gm",0,0,0,2.0,0.0,0.0,0.0,6.0
BDCHPCSAV00000001,BDCHPCSAV00000001,Savlon Glycerin soap 45gm (Pack of 4),0,0,0,0.0,0.0,1.0,0.0,0.0
SHMHARCLI00000001,SHMHARCLI00000001,"Clinic Plus Shampoo,6 ML with 50% extra",1424,1424,0,18964.0,0.0,272.0,1424.0,3344.0
HFWBDCHIM00000005,HFWBDCHIM00000005,Himalaya Face Wash Purifying Neem 200 ml,2,2,0,86.0,0.0,0.0,2.0,12.0
HPCHPCMOV00000004,HPCHPCMOV00000004,Moov Pain Relief Specialist 15 G,0,0,0,1.0,0.0,4.0,16.0,49.0
OGCSNGMAD00000020,OGCSNGMAD00000020,Madhusudan Desi Ghee Poly pack 1 Ltr,6,6,0,42.0,0.0,6.0,24.0,152.0
PKPPROTOP00000097,PKPPROTOP00000097,Tops Soya Souce 240 gm,3,3,0,7.0,0.0,0.0,3.0,27.0
BEVBEVMDE00000005,BEVBEVMDE00000005,"Mountain Dew, 600 ml",0,0,0,17.0,0.0,0.0,0.0,23.0
BEVBEVWRI00000003,BEVBEVWRI00000003,"Doublemint Peppermint Thin Mints, 4.8 gm",20,20,0,660.0,0.0,0.0,20.0,20.0
NDPPROPAT00000010,NDPPROPAT00000010,"Patanjali Atta Noodles Yummy Masala, 60 gm",8,8,0,1271.0,0.0,0.0,50.0,269.0
PKPPROTOP00000095,PKPPROTOP00000095,Tops Vinegar White 610 ML,2,2,0,3.0,0.0,0.0,2.0,13.0
PKPRTCBAM00000005,PKPRTCBAM00000005,Bambino Instant Upma Mix (Mrp 10),12,12,0,9.0,0.0,0.0,12.0,12.0
BICPROUNI00000013,BICPROUNI00000013,"Unibic Cookies -Fruit and Nut Cookies, 37.5g",10,10,0,8.0,0.0,6.0,28.0,474.0
SASIRCMAG00000001,SASIRCMAG00000001,Maggi Pichkoo (MRP 15),12,12,0,9.0,0.0,0.0,12.0,315.0
BEVBEVORB00000001,BEVBEVORB00000001,"Orbit Spearmint Gum, 4.4 gm",32,32,0,1749.0,0.0,0.0,32.0,32.0
MCGBNCDEN00000002,MCGBNCDEN00000002,"Happydent White Mint Jar, 429.2 gm",1,1,0,1.0,0.0,0.0,2.0,18.0
OGCSNGMAD00000025,OGCSNGMAD00000025,"Madhusudan Pure Ghee Poly, 500 mL",2,2,0,0.0,0.0,0.0,2.0,0.0
DTPDGTTID00000019,DTPDGTTID00000019,Tide Laundary Powder Lemon & Mint (4 Kg + 1 Kg),4,4,0,59.0,0.0,0.0,9.0,331.0
HOKHOKTID00000022,HOKHOKTID00000022,"Tide Detergent Powder Jasmine-Rose, 2kg",1,1,0,4.0,0.0,0.0,1.0,7.0
LBCLQCGPH00000011,LBCLQCGPH00000011,"Gainda G-Kleen, 500 ml",2,2,0,61.0,0.0,0.0,2.0,10.0
OGCSNGDHA00000018,OGCSNGDHA00000018,"Dhara Kachi Ghani Mustard Oil Pet Bottle, 1 Ltr",24,24,0,708.0,0.0,12.0,24.0,468.0
PKPPROTOP00000023,PKPPROTOP00000023,TOPS PICKLE PREM SWT LIME JR 1K,2,2,0,78.0,0.0,0.0,2.0,7.0
OGCSNGMDG00000015,OGCSNGMDG00000015,"Mother Dairy Cow Ghee 500 ml, Tetra  (Mrp 290)",10,10,0,58.0,0.0,2.0,10.0,50.0
GRSGRSUTS00000003,GRSGRSUTS00000003,"Uttam Sulphurless Sugar, 1 Kg",125,125,0,999.0,0.0,50.0,150.0,950.0
BSCBSCTOY00000016,BSCBSCTOY00000016,Too Yumm Karare Munchy Masala 80g,0,0,0,23.0,0.0,0.0,0.0,16.0
BBPBGMJNJ00000001,BBPBGMJNJ00000001,"Johnsons baby Powder, 600 gm",0,0,0,9.0,0.0,0.0,0.0,
PLBSNGLOC00000043,PLBSNGLOC00000043,ECO KABULI $$ 500 GM,0,0,0,0.0,0.0,6.0,77.0,287.0
PLBSNGLOC00000054,PLBSNGLOC00000054,ECO URAD CHILKA 500 GM,2,2,0,184.0,0.0,55.0,38.0,446.0
BEVBEVTRO00000001,BEVBEVTRO00000001,"Tropicana - Pomegranate Delight Fruit Juice, 200ml",20,20,0,0.0,0.0,0.0,20.0,450.0
BEVBEVTRO00000005,BEVBEVTRO00000005,"Tropicana - Orange Delight Fruit Juice, 200ml",22,22,0,0.0,0.0,0.0,22.0,425.0
PCRPCRLIF00000008,PCRPCRLIF00000008,"Lifebuoy Care Soap, 59 gm",0,0,0,0.0,0.0,1.0,0.0,135.0
SCSSNGCAT00000056,SCSSNGCAT00000056,"Catch Chat Pta Masala Carton, 100 gms",4,4,0,292.0,0.0,0.0,4.0,24.0
PDMBVRMOR00000002,PDMBVRMOR00000002,Morton Golgappa Pani Masala 500 Ml,4,4,0,203.0,0.0,0.0,4.0,0.0
PLBSNGLOC00000039,PLBSNGLOC00000039,ECO CHANA KALA 1 KG,5,5,0,117.0,0.0,0.0,42.0,308.0
SCSSNGCAT00000062,SCSSNGCAT00000062,Catch Amchur Powder 50 G,0,0,0,0.0,0.0,1.0,0.0,177.0
PKPPROMTR00000008,PKPPROMTR00000008,MTR Poha 60 gm,9,9,0,31.0,0.0,5.0,15.0,154.0
PLBSNGLOC00000035,PLBSNGLOC00000035,ECO ARHAR DAL 1 KG,23,23,0,856.0,0.0,0.0,25.0,613.0
BICPROUNI00000028,BICPROUNI00000028,Unibic Chocoripple Cookies 100 Gm,5,5,0,1230.0,0.0,0.0,5.0,125.0
DTPDGTTID00000006,DTPDGTTID00000006,"Tide Detergent powder Jasmine & Rose, 6 Kg+ 2 Kg",1,1,0,39.0,0.0,0.0,1.0,10.0
BTSBDCPRS00000009,BTSBDCPRS00000009,"Pears Pure & Gentle Soap, 125 gm 25gm Extra",6,6,0,105.0,0.0,9.0,12.0,94.0
PDMBVRMOR00000001,PDMBVRMOR00000001,Morton Golgappa Pani Masala 200 Ml,3,3,0,10.0,0.0,0.0,3.0,68.0
HPCHPCVET00000001,HPCHPCVET00000001,Veet Hair Removal Cream for Dry Skin - 32g,2,2,0,176.0,0.0,0.0,18.0,79.0
HPCHPCVET00000002,HPCHPCVET00000002,Veet Hair Removal Cream for Sensitive Skin - 32g,3,3,0,97.0,0.0,0.0,3.0,84.0
PCRPCRDUR00000001,PCRPCRDUR00000001,"Durex Condoms, Extra Time - 3 Pcs",3,3,0,72.0,0.0,0.0,3.0,0.0
HOKHOKRIN00000008,HOKHOKRIN00000008,"Rin Bar, 250 gm",18,18,0,111.0,0.0,6.0,18.0,99.0
LQCHNKCOM00000004,LQCHNKCOM00000004,Comfort Fabric Conditioner Lily fresh 220ml,10,10,0,37.0,0.0,9.0,10.0,24.0
HPCHPCSRF00000001,HPCHPCSRF00000001,"Surf XL BAR FW, 400 gm",3,3,0,206.0,0.0,1.0,14.0,47.0
SHGHPCDUR00000021,SHGHPCDUR00000021,"Durex Condoms, Extra Ribbed - 10 Count",1,1,0,36.0,0.0,0.0,1.0,4.0
HREWHGVET00000002,HREWHGVET00000002,"Veet Hair Removal Cream, 50 g (Dry Skin)",2,2,0,316.0,0.0,0.0,2.0,46.0
LFCLQCMRM00000003,LFCLQCMRM00000003,"Mr. Muscle Floor Cleaner with Glade CITRUS, 1 ltr + 500 ML FREE",1,1,0,147.0,0.0,0.0,1.0,1.0
PCRPCRFOG00000001,PCRPCRFOG00000001,"Fogg Royal Deo, 150 ml",2,2,0,39.0,0.0,0.0,2.0,2.0
PCRPCRPAR00000004,PCRPCRPAR00000004,"Parachute Advansed Jasmine Coconut Hair Oil, 300 ml",2,2,0,37.0,0.0,4.0,2.0,24.0
HPCHPCHIM00000071,HPCHPCHIM00000071,"Himalaya Purifying Neem Face Wash, 150 ml",0,0,0,1.0,0.0,3.0,0.0,92.0
TEABEVTTE00000007,TEABEVTTE00000007,Tata Tea Gold 500Gm,6,6,0,552.0,0.0,36.0,6.0,132.0
HNKHNKSRF00000001,HNKHNKSRF00000001,"Surf Excel Bar, 150 gm",140,140,0,1256.0,0.0,10.0,150.0,555.0
PLBSNGLDA00000020,PLBSNGLDA00000020,"Kabuli (Single Dollar ),30 kg",1,1,0,47.0,0.0,1.0,1.0,12.0
THPDCRCOL00000018,THPDCRCOL00000018,"Colgate Herbal 100 gm,",2,2,0,19.0,0.0,0.0,2.0,51.0
SHMHARHNS00000017,SHMHARHNS00000017,Head & Shoulders Smooth & Silky 180 ml,1,1,0,0.0,0.0,1.0,1.0,11.0
HOKHOKRIN00000003,HOKHOKRIN00000003,"RIN BAR, 90gm",16,16,0,2038.0,0.0,0.0,16.0,415.0
NKMPROBIK00000010,NKMPROBIK00000010,Bikano Aloo Bhujia 400 gm,2,2,0,26.0,0.0,0.0,2.0,28.0
SASPROKIS00000021,SASPROKIS00000021,"Kissan Tomato Ketchup, 500 gm Bottle",1,1,0,368.0,0.0,0.0,4.0,75.0
SCSSNGCKD00000012,SCSSNGCKD00000012,"Chukde Mishri Dana, 100 gm",6,6,0,19.0,0.0,0.0,6.0,48.0
PKPPROEVR00000007,PKPPROEVR00000007,Everin Macaroni 300 gm,3,3,0,648.0,0.0,0.0,3.0,16.0
PCRPCRCOL00000016,PCRPCRCOL00000016,"Colgate Strong Teeth, 46g",24,24,0,624.0,0.0,12.0,24.0,240.0
SCSSNGCAT00000060,SCSSNGCAT00000060,Catch Jeera Powder 50 G,2,2,0,58.0,0.0,2.0,2.0,264.0
SCSSNGCKD00000007,SCSSNGCKD00000007,"Chukde Methi Dana, 100 gm",1,1,0,0.0,0.0,0.0,1.0,94.0
SASPROKIS00000026,SASPROKIS00000026,Kissan Mango Jam 188 Gm,0,0,0,58.0,0.0,0.0,0.0,1.0
BICPROANL00000015,BICPROANL00000015,Anmol Smileys Butter Cookies 60+15g,5,5,0,38.0,0.0,12.0,5.0,228.0
NKMPROBIK00000014,NKMPROBIK00000014,Bikano Tasty Spicy Coated Peanuts 400gm,2,2,0,34.0,0.0,0.0,2.0,6.0
SASPROCHG00000025,SASPROCHG00000025,Chings Sauce Green Chilly 190 gm,0,0,0,2.0,0.0,0.0,0.0,57.0
BVRBVRMDE00000002,BVRBVRMDE00000002,Mountain Dew 1.0 ltr,0,0,0,0.0,0.0,1.0,0.0,0.0
NKMSNKCRX00000010,NKMSNKCRX00000010,CRAX DOUBLE MAZZA (Mrp 10),20,20,0,110.0,0.0,0.0,20.0,10.0
PROPRONES00000006,PROPRONES00000006,"Maggi Veg Masala Atta Noodles, 290 gm (Pack of 4)",7,7,0,372.0,0.0,0.0,7.0,350.0
BSCBSCPAR00000014,BSCBSCPAR00000014,Parle Coconut cookies 96gm,2,2,0,0.0,0.0,0.0,2.0,147.0
BNCBNCTRO00000005,BNCBNCTRO00000005,Tropicana Pomegranate Juice 500 ml,5,5,0,126.0,0.0,0.0,6.0,71.0
BNCBNCTRO00000003,BNCBNCTRO00000003,Tropicana Guava Juice 500 ml,3,3,0,83.0,0.0,3.0,3.0,105.0
BSCBSCPAR00000026,BSCBSCPAR00000026,Parle Rusk Premium Elaichi 273 Gm,0,0,0,11.0,0.0,0.0,12.0,222.0
SCSSNGCKD00000005,SCSSNGCKD00000005,"Chukde Kaali Sarso, 100 gm",12,12,0,0.0,0.0,0.0,12.0,48.0
BVRBNCKOL00000002,BVRBNCKOL00000002,"Amul Kool Rose, 180 ml (Mrp 20)",30,30,0,30.0,0.0,0.0,30.0,90.0
SCSSNGCKD00000060,SCSSNGCKD00000060,Chukde Peeli Sarso Sabut 100 gm,8,8,0,0.0,0.0,0.0,8.0,44.0
BVRBVRCAT00000011,BVRBVRCAT00000011,Catch Mango Juice 600 ml Pet Bottle,12,12,0,18.0,0.0,0.0,12.0,15.0
PKPPROFNF00000018,PKPPROFNF00000018,Funfoods Peanut Butter Creamy 150g,0,0,0,0.0,0.0,1.0,0.0,13.0
CHCCNFCAD00000010,CHCCNFCAD00000010,Cadbury Celebrations Rich Dry Fruit Chocolate Gift Box 177 gm,2,2,0,57.0,0.0,0.0,2.0,32.0
MHGHPCGIL00000008,MHGHPCGIL00000008,"Gillette Foam Sensitive,418gm",1,1,0,0.0,0.0,2.0,1.0,5.0
SASPROHUL00000002,SASPROHUL00000002,Knorr Chinese Hot & Sour Veg Soup powder 43 Gm,0,0,0,32.0,0.0,0.0,0.0,40.0
CHCCNFCAD00000005,CHCCNFCAD00000005,Cadbury Celebrations Assorted Chocolate Gift Pack 186.6 gm,6,6,0,56.0,0.0,0.0,6.0,83.0
IFDPROLAC00000001,IFDPROLAC00000001,"LACTOGEN Stage 2 Follow-up Infant Formula  Box, 400gm",3,3,0,54.0,0.0,3.0,3.0,18.0
PCRPCRPRS00000004,PCRPCRPRS00000004,Pears Pure & Gentle Soap 75gm + 25 gm Free,0,0,0,0.0,0.0,4.0,0.0,0.0
RGRFGNFOR00000004,RGRFGNFOR00000004,"Fortune Mini Mogra II Basmati Rice, 5 Kg",1,1,0,102.0,0.0,0.0,1.0,11.0
SASPROTOP00000034,SASPROTOP00000034,"Tops Red Chilli Souce, 1.15 Kg",1,1,0,41.0,0.0,0.0,1.0,5.0
PLBSNGRAJ00000162,PLBSNGRAJ00000162,Rajdhani Chana Dal 1 Kg,10,10,0,55.0,0.0,0.0,10.0,13.0
PLBSNGLDA00000032,PLBSNGLDA00000032,"Arhar Dal Lemon, 30 Kg",1,1,0,130.0,0.0,1.0,1.0,7.0
LQDBNCTNG00000001,LQDBNCTNG00000001,Tang Orange Flavor 500 gm,0,0,0,8.0,0.0,3.0,0.0,12.0
OGCSNGTIL00000001,OGCSNGTIL00000001,"Tilmoti Til Oil, 1 Ltr",60,60,0,0.0,0.0,0.0,60.0,
NDPPROCHG00000016,NDPPROCHG00000016,"Chings Schezwan Fried Rice Masala, 20 gm",10,10,0,270.0,0.0,44.0,10.0,156.0
PCRPCRSWT00000008,PCRPCRSWT00000008,"Set Wet Ultimate Hold Hair Gel, 10 ml",12,12,0,264.0,0.0,12.0,12.0,60.0
BEVBEVORB00000004,BEVBEVORB00000004,"Orbit Mixed Fruit Gum, 4.4 gm",32,32,0,1376.0,0.0,0.0,32.0,96.0
GHESNGGOW00000001,GHESNGGOW00000001,"Gowardhan Ghee Jar, 1 Litre",2,2,0,42.0,0.0,0.0,2.0,16.0
PCRPCRFAL00000003,PCRPCRFAL00000003,"Fair & Lovely Mulivitamin, 4.5gm",10,10,0,1879.0,0.0,0.0,10.0,99.0
HFWBDCLIF00000019,HFWBDCLIF00000019,Lifebuoy Total 10 Handwash 185 ml (Pack Of 3),2,2,0,29.0,0.0,0.0,5.0,31.0
