Warehouse ID,Product Name,SKU,Expiry Date,Bin ID,Inventory Movement Type,Normal Quantity,Damaged Quantity,Expired Quantity,Missing Quantity
32154,Mountain Dew Soft Drink CAN 250 ML,BEVBEVPCO00000002,31/03/21,V2VZ01SR001-0001,In,0,0,0,0
32154,MTR 3 Minute Breakfast Vegetable Upma Pouch 60 gm,PKPPROMTR00000004,31/03/21,V2VZ01SR001-0001,In,233,0,0,0
32154,MTR 3 Minute Breakfast Vegetable Upma Pouch 60 gm,RTCRTCMTR00000003,31/03/21,V2VZ01SR001-0001,In,60,0,0,0
32154,Mountain Dew Can 300 ml,BNCBNCMDE00000001,31/03/21,V2VZ01SR001-0001,In,0,0,0,0
32154,MTR Dosa Mix 500 gm,PKPPROMTR00000017,31/03/21,V2VZ01SR001-0001,In,1,0,0,0
32154,MTR Khatta Meetha Poha 60 gm,PKPPROMTR00000007,31/03/21,V2VZ01SR001-0001,In,119,0,0,0
32154,MTR Poha 60 gm,PKPPROMTR00000008,31/03/21,V2VZ01SR001-0001,In,118,0,0,0
32154,MTR Poha 60 gm,RTCRTCMTR00000002,31/03/21,V2VZ01SR001-0001,In,58,0,0,0
32154,Mtr Rava Idli 500 Gm,PROPROMTR00000003,31/03/21,V2VZ01SR001-0001,In,28,0,0,0
32154,Mtr Rava Idli 500 Gm,RTCRTCMTR00000001,31/03/21,V2VZ01SR001-0001,In,0,0,0,0
32154,MTR Upma Ready Mix 170 gm,PKPPROMTR00000020,31/03/21,V2VZ01SR001-0001,In,138,0,0,0
32154,Pepsi Plain Soft Drink CAN 250 ML,BEVBEVPCO00000003,31/03/21,V2VZ01SR001-0001,In,0,1,0,0
32154,Pepsi Can 300 ml,BNCBNCPSI00000003,31/03/21,V2VZ01SR001-0001,In,9,0,0,0
32154,Tops Gold Mango Pickle 375 gm,PKPPROTOP00000115,31/03/21,V2VZ01SR001-0001,In,45,0,0,0
32154,Tops Gold Mixed Pickle 375 gm,PKPPROTOP00000102,31/03/21,V2VZ01SR001-0001,In,7,0,0,0
32154,"Fortune Chakki Atta, 10 Kg+ 2 Too Yumm(MRP-10)",GRSGRSFOR00000016,31/03/21,V2VZ01SR001-0001,In,0,0,0,0
32154,Tops Mixed Fruit Jam Jar 900 gm,BKDPROTOP00000034,31/03/21,V2VZ01SR001-0001,In,0,0,0,0
32154,Tops Soya Souce 240 gm,PKPPROTOP00000097,31/03/21,V2VZ01SR001-0001,In,31,0,0,0
32154,"Fortune Chakki Atta, 5 Kg+ 2 Too Yumm(MRP-10)",GRSGRSFOR00000017,31/03/21,V2VZ01SR001-0001,In,0,0,0,0
32154,Tops Vermicelli Kesar Elaichi 200 gm,NDPPROTOP00000009,31/03/21,V2VZ01SR001-0001,In,103,0,0,0
32154,"Fevikwik, 0.5 gm",HOKHOKPDL00000001,31/03/21,V2VZ01SR001-0001,In,0,0,0,0
32154,"Fevikwik, 1 gm",HOKHOKPDL00000002,31/03/21,V2VZ01SR001-0001,In,0,0,0,0
32154,Axe Signature Deo Dark Temptatoin Ticket 17 ml,BDCHPCAXE00000004,31/03/21,V2VZ01SR001-0001,In,0,0,0,0
32154,"Axe Signatre  Temptation Body Perfume, 50 ml",FSPBDCAXE00000013,31/03/21,V2VZ01SR001-0001,In,2,0,0,0
32154,"Steelgrip Insulation Tape, 1.8cm *6.5M",HOKHOKPDL00000003,31/03/21,V2VZ01SR001-0001,In,0,0,0,0
32154,"Fevicol MR Angular Tip, 22.5 gm",HOKHOKPDL00000004,31/03/21,V2VZ01SR001-0001,In,0,0,0,0
32154,"Fevistick Pocket Glue Stock, 5 gm",HOKHOKPDL00000005,31/03/21,V2VZ01SR001-0001,In,0,0,0,0
32154,Closeup Everfresh Plus Toothpaste 50 gm,DCRHPCCLP00000003,31/03/21,V2VZ01SR001-0001,In,0,0,0,0
32154,"Tata Salt,1 kg Mrp 20",GRSGRSTSL00000002,31/03/21,V2VZ01SR001-0001,In,2200,3,0,0
32154,"Frooti - Tetra, 150 ml",BEVBEVFRO00000001,31/03/21,V2VZ01SR001-0001,In,0,0,0,0
32154,"Nihar Naturals Shanti Amla Badam Hair Oil, 200 ml",PCRPCRNIH00000005,31/03/21,V2VZ01SR001-0001,In,0,0,0,0
32154,Colgate ZigZag Charcoal 5+1 Soft Tooth Brush,THBDCRCOL00000030,31/03/21,V2VZ01SR001-0001,In,209,0,0,0
32154,"Nihar Naturals Shanti Amla Badam Hair Oil, 34 ml",PCRPCRNIH00000006,31/03/21,V2VZ01SR001-0001,In,0,0,0,0
32154,"Nihar Naturals Shanti Amla Badam Hair Oil, 500 ml Free Godrej No.1 Soap",PCRPCRNIH00000007,31/03/21,V2VZ01SR001-0001,In,0,0,0,0
32154,"Maaza Mango Drink, 1.2 Ltr",BEVBEVCOL00000001,31/03/21,V2VZ01SR001-0001,In,0,0,0,0
32154,"Maaza Mango Drink, 1.2 Ltr",JMTBNCMAZ00000002,31/03/21,V2VZ01SR001-0001,In,0,8,0,0
32154,"Britannia Good Day Butter Biscuits, 200gms",CNNSBFBRI00000001,31/03/21,V2VZ01SR001-0001,In,0,0,0,0
32154,Dettol Liquid Handwash Skincare Pouch 750 ml,BDCHPCDET00000004,31/03/21,V2VZ01SR001-0001,In,0,0,0,0
32154,"India Gate TIBAR, 5 KG",FOGSTPIND00000010,31/03/21,V2VZ01SR001-0001,In,0,0,0,0
32154,"India Gate Rice - Basmati Tibar, 5kg",GRSGRSIND00000017,31/03/21,V2VZ01SR001-0001,In,0,0,0,0
32154,"India Gate TIBAR, 5 KG",RGRSNGIND00000021,31/03/21,V2VZ01SR001-0001,In,0,0,0,0
32154,Dove Dryness Care Conditioner 180 ml,HCOPREDOV00000005,31/03/21,V2VZ01SR001-0001,In,0,0,0,0
32154,"India Gate Rice - Basmati Tibar, 10kg",FOGSTPIND00000011,31/03/21,V2VZ01SR001-0001,In,0,0,0,0
32154,Dove Go Fresh Revive Soap 75 gm,BDCHPCDOV00000006,31/03/21,V2VZ01SR001-0001,In,0,0,0,0
32154,Dove Shampoo Daily Shine 340 ml,HCOPREDOV00000012,31/03/21,V2VZ01SR001-0001,In,0,0,0,0
32154,"India Gate Rice - Basmati Mogra, 5kg",GRSGRSIND00000015,31/03/21,V2VZ01SR001-0001,In,0,0,0,0
32154,"India Gate Rice - Basmati Mogra, 5kg",RGRSNGIND00000018,31/03/21,V2VZ01SR001-0001,In,52,0,0,0
32154,"India Gate Rice - Basmati Mini Mogra, 5kg",FOGSTPIND00000013,31/03/21,V2VZ01SR001-0001,In,3,0,0,0
32154,"India Gate Rice - Basmati Mini Mogra, 5kg",GRSGRSIND00000018,31/03/21,V2VZ01SR001-0001,In,0,0,0,0
32154,"India Gate Rice - Basmati Mini Mogra, 5kg",RGRSNGIND00000022,31/03/21,V2VZ01SR001-0001,In,242,0,0,0
32154,"Fair & Lovely Advance Mulivitamin, 25 gm",HPCHPCFAL00000012,31/03/21,V2VZ01SR001-0001,In,1,0,0,0
32154,"India Gate Rice - Basmati Mini Mogra, 10kg",GRSGRSIND00000014,31/03/21,V2VZ01SR001-0001,In,0,0,0,0
32154,Fair & Lovely Intense Fairness Men's Face Wash 50 gm,BDCHPCFAL00000009,31/03/21,V2VZ01SR001-0001,In,2,0,0,0
32154,"Dove Daily Shine Therapy Shampoo, 80 ml",PCRPCRDOV00000010,31/03/21,V2VZ01SR001-0001,In,0,0,0,0
32154,"Dove Daily Shine Therapy Shampoo, 80 ml",SHMHARDOV00000005,31/03/21,V2VZ01SR001-0001,In,1,0,0,0
32154,"Dove Hair Fall Rescue Shampoo, 80 ml",PCRPCRDOV00000011,31/03/21,V2VZ01SR001-0001,In,0,0,0,0
32154,"Dove Hair Fall Rescue Shampoo, 80 ml",SHMHARDOV00000003,31/03/21,V2VZ01SR001-0001,In,0,1,0,0
32154,Everyday Dairy Whitener 200 gm,BFDSNGEVD00000005,31/03/21,V2VZ01SR001-0001,In,0,0,0,0
32154,"Dove Intense Repaiir Shampoo, 80 ml",PCRPCRDOV00000012,31/03/21,V2VZ01SR001-0001,In,0,0,0,0
32154,"Dove Intense Repair Shampoo, 80 ml",SHMHARDOV00000006,31/03/21,V2VZ01SR001-0001,In,0,0,0,0
32154,"Sunsilk Thick & Long Shampoo, 90 ml",PCRPCRSUN00000004,31/03/21,V2VZ01SR001-0001,In,0,0,0,0
32154,"Sunsilk Nourished Soft & Smooth Shampoo, 80 ml",PCRPCRSUN00000005,31/03/21,V2VZ01SR001-0001,In,0,0,0,0
32154,"Sunsilk Stuniing Black Shine Shampoo, 80 ml",PCRPCRSUN00000006,31/03/21,V2VZ01SR001-0001,In,0,0,0,0
32154,Britannia Treat Funkey Choco Cookies 60 gm,BACSBFBRI00000001,31/03/21,V2VZ01SR001-0001,In,0,0,0,0
32154,"Clinic Plus Strong & long Shampoo, 80 ml",PCRPCRCLI00000002,31/03/21,V2VZ01SR001-0001,In,0,0,0,0
32154,"Clinic Plus Strong & long Shampoo, 80 ml",HPCHPCCLI00000001,31/03/21,V2VZ01SR001-0001,In,0,0,0,0
32154,"Clinic Plus Strong & Long Shampoo, 80 ml",SHMHARCLI00000002,31/03/21,V2VZ01SR001-0001,In,246,0,0,0
32154,"Lux Rose Bloom Soap, 57 gm",PCRPCRLUX00000018,31/03/21,V2VZ01SR001-0001,In,0,0,0,0
32154,Loreal HE Total Repair 5 Damage Hair Shampoo 192 ml,HARHPCLOR00000002,31/03/21,V2VZ01SR001-0001,In,0,0,0,0
32154,Tang Orange Flavor 500 gm,LQDBNCTNG00000001,31/03/21,V2VZ01SR001-0001,In,23,0,0,0
32154,"Catch Kitchen King Carton, 100 gms",GRSGRSCAT00000001,31/03/21,V2VZ01SR001-0001,In,0,0,0,0
32154,"Catch Kitchen King Carton, 100 gms",SCSSNGCAT00000006,31/03/21,V2VZ01SR001-0001,In,84,4,0,0
32154,"Rajdhani Atta, 5 Kg",ALFSNGRAJ00000005,31/03/21,V2VZ01SR001-0001,In,8,0,0,0
32154,"Catch Kitchen King Carton, 100 gms",SCSSNGCAT00000071,31/03/21,V2VZ01SR001-0001,In,296,0,0,0
32154,"Rajdhani Atta, 5 Kg",ALFSNGRAJ00000007,31/03/21,V2VZ01SR001-0001,In,0,1,0,0
32154,Rajdhani Masoor Sabut 1 Kg,PLBSNGRAJ00000112,31/03/21,V2VZ01SR001-0001,In,32,0,0,0
32154,Rajdhani Masoor Sabut 500 gm,PLBSNGRAJ00000113,31/03/21,V2VZ01SR001-0001,In,0,0,0,0
32154,Rajdhani Masoor Sabut 500 gm,PLBSNGRAJ00000131,31/03/21,V2VZ01SR001-0001,In,0,0,0,0
32154,Rajdhani Masoor Sabut 500 gm,PLBSNGRAJ00000143,31/03/21,V2VZ01SR001-0001,In,0,0,0,0
32154,"Catch Chat Pta Masala Carton, 100 gms",GRSGRSCAT00000002,31/03/21,V2VZ01SR001-0001,In,277,0,0,0
32154,"Catch Chat Pta Masala Carton, 100 gms",SCSSNGCAT00000056,31/03/21,V2VZ01SR001-0001,In,150,0,0,0
32154,Fair & Lovely Skin Cream Multi Vitamin 80 gm,COSBDCFAL00000004,31/03/21,V2VZ01SR001-0001,In,0,0,0,0
32154,"Frooti, 300 ml",BEVBEVFRO00000003,31/03/21,V2VZ01SR001-0001,In,0,0,0,0
32154,"Catch Rajma Masala Carton, 100 gms",GRSGRSCAT00000003,31/03/21,V2VZ01SR001-0001,In,0,0,0,0
32154,"Catch Chana Masala Carton, 100 gms",GRSGRSCAT00000004,31/03/21,V2VZ01SR001-0001,In,9,1,0,0
32154,"Catch Chana Masala Carton, 100 gms",SCSSNGCAT00000075,31/03/21,V2VZ01SR001-0001,In,11,0,0,0
32154,"Catch Kashmiri Mirch Powder Carton, 100 gms",GRSGRSCAT00000005,31/03/21,V2VZ01SR001-0001,In,0,0,0,0
32154,Lakme Blush & Glow Kiwi Crush Face Wash 50 Gm,HFWBDCLAK00000011,31/03/21,V2VZ01SR001-0001,In,0,0,0,0
32154,"Catch Kashmiri Mirch Powder Carton, 100 gms",SCSSNGCAT00000073,31/03/21,V2VZ01SR001-0001,In,259,0,0,0
32154,Loreal Casting Cream Gloss Darkest Brown 159.5 ml,HCOPRELOR00000001,31/03/21,V2VZ01SR001-0001,In,0,0,0,0
32154,"Catch Garam Masala Carton, 50 gms",GRSGRSCAT00000006,31/03/21,V2VZ01SR001-0001,In,94,0,0,0
32154,"Catch Red Chili Powder Pouch, 100 gms",GRSGRSCAT00000007,31/03/21,V2VZ01SR001-0001,In,0,0,0,0
32154,"Catch Red Chilli Powder, 100 gm",SCSSNGCAT00000003,31/03/21,V2VZ01SR001-0001,In,0,0,0,0
32154,"Catch Red Chili Powder Pouch, 100 gms",SCSSNGCAT00000011,31/03/21,V2VZ01SR001-0001,In,0,0,0,0
32154,"Catch Red Chilli Powder, 100 gm",SCSSNGCAT00000059,31/03/21,V2VZ01SR001-0001,In,1,0,0,0
32154,"Catch Red Chilli Powder, 100 gm",SCSSNGCAT00000069,31/03/21,V2VZ01SR001-0001,In,2,0,0,0
32154,Nip Nature & Shakti Dishwash Bar 85 gm,DTBDGTFNI00000001,31/03/21,V2VZ01SR001-0001,In,0,0,0,0
32154,"Catch Turmeric Powder Pouch, 100 gms",GRSGRSCAT00000008,31/03/21,V2VZ01SR001-0001,In,0,0,0,0
32154,"Catch Turmeric Powder Pouch, 100 gms",SCSSNGCAT00000010,31/03/21,V2VZ01SR001-0001,In,9,0,0,0
32154,"Catch Kasuri Methi, 25 gms",GRSGRSCAT00000009,31/03/21,V2VZ01SR001-0001,In,0,0,0,0
32154,Pepsodent Cavity Protection Germi Check+ 200 gm,THPDCRPEP00000002,31/03/21,V2VZ01SR001-0001,In,0,0,0,0
32154,"Catch Red Chili Powder Pouch, 50 gms",GRSGRSCAT00000010,31/03/21,V2VZ01SR001-0001,In,0,0,0,0
32154,"Catch Red Chili Powder Pouch, 50 gms",SCSSNGCAT00000005,31/03/21,V2VZ01SR001-0001,In,0,0,0,0
32154,Ponds White Beauty Spoy Less Fairness Face Wash 100 gm,COSBDCPND00000001,31/03/21,V2VZ01SR001-0001,In,0,0,0,0
32154,"Catch Red Chili Powder Pouch, 50 gm",SCSSNGCAT00000051,31/03/21,V2VZ01SR001-0001,In,1,0,0,0
32154,"Catch Red Chili Powder Pouch, 50 gm",SCSSNGCAT00000054,31/03/21,V2VZ01SR001-0001,In,4,0,0,0
32154,"Catch Red Chili Powder Pouch, 50 gm",SCSSNGCAT00000078,31/03/21,V2VZ01SR001-0001,In,402,0,0,0
32154,"Catch Turmeric Powder Pouch, 50 gms",GRSGRSCAT00000011,31/03/21,V2VZ01SR001-0001,In,420,0,0,0
32154,Catch Red Chilli Powder 500 G Pouch,SCSSNGCAT00000032,31/03/21,V2VZ01SR001-0001,In,0,0,0,0
32154,Surf Excel Easy Wash Liquid 1 ltr,LIDLQCSRF00000002,31/03/21,V2VZ01SR001-0001,In,0,0,0,0
32154,"Real Juice - Cranberry, 1 ltr (Mrp 110)",BEVBEVREL00000019,31/03/21,V2VZ01SR001-0001,In,0,0,0,0
32154,"Real Juice - Cranberry, 1 ltr (Mrp 109)",CBDLQDREL00000001,31/03/21,V2VZ01SR001-0001,In,0,0,0,0
32154,"Frooti, 600 ml",BEVBEVFRO00000004,31/03/21,V2VZ01SR001-0001,In,0,0,0,0
32154,"Parle Hide & Seek Choco Rolls, 75 gm",PROPROPAR00000001,31/03/21,V2VZ01SR001-0001,In,0,0,0,0
32154,"Parle Hide & Seek Choco Rolls, 75 gm",BICPROPAR00000006,31/03/21,V2VZ01SR001-0001,In,0,0,0,0
32154,"Parle Melody Chocolaty Toffee , 195.5 gm",PROPROPAR00000002,31/03/21,V2VZ01SR001-0001,In,0,0,0,0
32154,"Frooti, 600 ml (Mrp 38 )Pack of 24",BNCBNCFRO00000002,31/03/21,V2VZ01SR001-0001,In,0,0,0,0
32154,"Parle Milano Chocochips, 75 gm",PROPROPAR00000004,31/03/21,V2VZ01SR001-0001,In,0,0,0,0
32154,"Parle Milano Chocochips, 75 gm",BICPROPAR00000009,31/03/21,V2VZ01SR001-0001,In,279,0,0,0
32154,Gillette Shaving Gel Moisturising Tube 60 gm,SBCMHGGIL00000002,31/03/21,V2VZ01SR001-0001,In,0,0,0,0
32154,"Parle H&S Crème Vanilla, 100 gm",PROPROPAR00000005,31/03/21,V2VZ01SR001-0001,In,0,0,0,0
32154,"Parle H&S Creme Vanilla, 100 gm + 20gm",BICPROPAR00000017,31/03/21,V2VZ01SR001-0001,In,0,0,0,0
32154,"Parle H&S Crème Strawberry, 100 gm",PROPROPAR00000006,31/03/21,V2VZ01SR001-0001,In,0,0,0,0
32154,"Parle H&S Creme Strawberry, 100 gm + 20gm",BICPROPAR00000016,31/03/21,V2VZ01SR001-0001,In,949,0,0,0
32154,"Parle H&S Crème Chocolate, 100 gm",PROPROPAR00000007,31/03/21,V2VZ01SR001-0001,In,0,0,0,0
32154,"Parle Kismi Assorted, 491 gm",PROPROPAR00000008,31/03/21,V2VZ01SR001-0001,In,0,0,0,0
32154,Johnson Baby Oil 200ML,BBOBGMJNJ00000013,31/03/21,V2VZ01SR001-0001,In,36,0,0,0
32154,"Parle Bigger Mango Bite, 390 gm",PROPROPAR00000009,31/03/21,V2VZ01SR001-0001,In,0,0,0,0
32154,"Parle Bigger Orange Bite, 390 gm",PROPROPAR00000010,31/03/21,V2VZ01SR001-0001,In,0,0,0,0
32154,"Appy - Tetra, 160 ml",BEVBEVAPP00000001,31/03/21,V2VZ01SR001-0001,In,4,0,0,0
32154,"Parle Bigger Kaccha Mango Bite, 396 gm",PROPROPAR00000011,31/03/21,V2VZ01SR001-0001,In,0,0,0,0
32154,"Parle Bigger Kaccha Mango Bite, 217.08 gm -50 piece box",CTLBNCPAR00000007,31/03/21,V2VZ01SR001-0001,In,0,0,0,0
32154,Lakme Blush & Glow Lemon Gel Facewash 50 gm,HFWBDCLAK00000012,31/03/21,V2VZ01SR001-0001,In,0,0,0,0
32154,Lakme Blush & Glow Peach Burst Face Wash 50 Gm,HFWBDCLAK00000010,31/03/21,V2VZ01SR001-0001,In,0,0,0,0
32154,Lakme Blush & Glow Peach Facewash 100 gm,HFWBDCLAK00000013,31/03/21,V2VZ01SR001-0001,In,0,0,0,0
32154,"Parle Mazelo Maha Assorted, 396 gm",PROPROPAR00000012,31/03/21,V2VZ01SR001-0001,In,0,0,0,0
32154,Lakme Peach Milk Moisturiser 120 ml,BCGBDCLAK00000003,31/03/21,V2VZ01SR001-0001,In,0,0,0,0
32154,"Parle Milano Hazelnut, 60 gm",PROPROPAR00000013,31/03/21,V2VZ01SR001-0001,In,0,0,0,0
32154,Lifebuoy Total 10 Handwash 185 ml (Pack Of 3),HFWBDCLIF00000019,31/03/21,V2VZ01SR001-0001,In,61,0,0,0
32154,"Parle Krackjack Biscuit, 200 gm",PROPROPAR00000014,31/03/21,V2VZ01SR001-0001,In,410,0,0,0
32154,Loreal Cast Cream Glossy Dark Brown 159.5 ml,HCOPRELOR00000005,31/03/21,V2VZ01SR001-0001,In,0,0,0,0
32154,Lorel Casting Creme Gloss 500 Medium Brown 160Ml,HGSHARLOR00000001,31/03/21,V2VZ01SR001-0001,In,0,0,0,0
32154,"Livon Serum with free Lakme Face wash, (50ml + 25gm)",HPCHPCLIV00000001,31/03/21,V2VZ01SR001-0001,In,0,0,0,0
32154,"Fortune Chakki Atta, 3X10 Kg(One Bag)+ 2 Pack Maggii (MRP 12)",SNGSNGFOR00000001,31/03/21,V2VZ01SR001-0001,In,0,0,0,0
32154,Fortune Kachi Ghani Mustard Oil 5 Ltr,OGCSNGFOR00000045,31/03/21,V2VZ01SR001-0001,In,0,1,0,0
32154,Fortune Kachi Ghani Mustard Oil 5 Ltr,OGCSNGFOR00000047,31/03/21,V2VZ01SR001-0001,In,3,0,0,0
32154,"Fortune Chakki Atta, 6X5 Kg(One Bag)+ 2 Pack Maggii (MRP 12)",SNGSNGFOR00000002,31/03/21,V2VZ01SR001-0001,In,0,0,0,0
32154,Yippee Pasta Treat Masala 65 Gm,NDPPROSNF00000001,31/03/21,V2VZ01SR001-0001,In,0,0,0,0
32154,Yippee Tricolor Pasta Creamy Corn 70 Gm,NDPPROYIP00000010,31/03/21,V2VZ01SR001-0001,In,0,1,0,0
32154,Yippee Tricolor Pasta Masala 70 Gm 30% extra,NDPPROYIP00000011,31/03/21,V2VZ01SR001-0001,In,0,0,0,0
32154,Yippee Pasta Treat Cheese 65 Gm,NDPPROYIP00000012,31/03/21,V2VZ01SR001-0001,In,0,0,0,0
32154,"Amul Kool Elaichi, 180 ml (MRP 20)",JMTLQDKOL00000001,31/03/21,V2VZ01SR001-0001,In,30,0,0,0
32154,Yippee Pasta Tomato Cheese 70 Gm,NDPPROYIP00000013,31/03/21,V2VZ01SR001-0001,In,0,0,0,0
32154,Yippee Pasta Sour Cream Onion 70 Gm,NDPPROYIP00000014,31/03/21,V2VZ01SR001-0001,In,0,0,0,0
32154,Morton Lime Juice Cordial 750 ml,PKPPROMOR00000006,31/03/21,V2VZ01SR001-0001,In,13,0,0,0
32154,Morton Mango Panna  750 ml,PKPPROMOR00000007,31/03/21,V2VZ01SR001-0001,In,33,0,0,0
32154,Morton Crush Strawberry 750 ml,PKPPROMOR00000008,31/03/21,V2VZ01SR001-0001,In,16,0,0,0
32154,Morton Crush Mango 750 ml,PKPPROMOR00000009,31/03/21,V2VZ01SR001-0001,In,23,0,0,0
32154,Morton Crush Pinepapple 750 ml,PKPPROMOR00000010,31/03/21,V2VZ01SR001-0001,In,39,0,0,0
32154,Morton Crush Orange 750 ml,PKPPROMOR00000011,31/03/21,V2VZ01SR001-0001,In,19,0,0,0
32154,"Amul Kool Kesar, 180 ml (MRP 20)",BVRBNCKOL00000001,31/03/21,V2VZ01SR001-0001,In,1,0,0,0
32154,Morton Mango Fruit Jam 500 gm,PKPPROMOR00000020,31/03/21,V2VZ01SR001-0001,In,6,0,0,0
32154,Morton Apple Fruit Jam  500 gm,PKPPROMOR00000021,31/03/21,V2VZ01SR001-0001,In,0,0,0,0
32154,Morton Pineapple Fruit Jam  500 gm,PKPPROMOR00000022,31/03/21,V2VZ01SR001-0001,In,37,0,0,0
32154,Morton Mango Fruit Jam 270 gm,PKPPROMOR00000023,31/03/21,V2VZ01SR001-0001,In,96,0,0,0
32154,"Lux Jasmine Bloom Soap, 57 gm",PREHPCLUX00000001,31/03/21,V2VZ01SR001-0001,In,0,0,0,0
32154,Morton Apple Fruit Jam  270 gm,PKPPROMOR00000024,31/03/21,V2VZ01SR001-0001,In,0,0,0,0
32154,Morton Pineapple Fruit Jam  270 gm,PKPPROMOR00000025,31/03/21,V2VZ01SR001-0001,In,0,0,0,0
32154,"Appy Fizz, 250 ml",BEVBEVAPP00000002,31/03/21,V2VZ01SR001-0001,In,0,0,0,0
32154,Parle-G Biscuit 65 gm,BSCBSCPAR00000027,31/03/21,V2VZ01SR001-0001,In,0,0,0,0
32154,Morton Fruit Cocktail 850 gm,JMTBNCMOR00000008,31/03/21,V2VZ01SR001-0001,In,48,0,0,0
32154,Morton Fruit Cocktail 450 gm,JMTBNCMOR00000009,31/03/21,V2VZ01SR001-0001,In,47,0,0,0
32154,"Bournvita Cadbury Health Drink, 1 kg (JAR)",BVRBNCBON00000001,31/03/21,V2VZ01SR001-0001,In,0,0,0,0
32154,Morton Tomato Ketchup ( N.P ) 200 gm,SASPROMOR00000019,31/03/21,V2VZ01SR001-0001,In,23,1,0,0
32154,Morton Tomato Puree Glass Bottle 180 gm,SASPROMOR00000020,31/03/21,V2VZ01SR001-0001,In,49,0,0,0
32154,Morton Baked Beans In Tomato Sauce 450 gm,SASPROMOR00000021,31/03/21,V2VZ01SR001-0001,In,18,0,0,0
32154,Morton Baby Corn  425 gm,FGNSPLMOR00000006,31/03/21,V2VZ01SR001-0001,In,0,0,0,0
32154,"Bournvita Cadbury Health Drink, 1 kg (POUCH)",HEDPDMBON00000001,31/03/21,V2VZ01SR001-0001,In,0,0,0,0
32154,Morton Sweet Corn (Cream Style) 400 gm,FGNSPLMOR00000007,31/03/21,V2VZ01SR001-0001,In,69,0,0,0
32154,Morton Sarson Ka Saag Plain 450 gm,PKPPROMOR00000045,31/03/21,V2VZ01SR001-0001,In,43,0,0,0
32154,Morton Green  Chilli Sauce 900 gm,SASPROMOR00000022,31/03/21,V2VZ01SR001-0001,In,1,0,0,0
32154,Morton Choco Box 250 gm,BFDSNGMOR00000007,31/03/21,V2VZ01SR001-0001,In,39,0,0,0
32154,"Basmati rice 1121, 25 KG",GRSGRSBIR00000001,31/03/21,V2VZ01SR001-0001,In,2,0,0,0
32154,Morton White Oats 500 gm,BFDSNGMOR00000008,31/03/21,V2VZ01SR001-0001,In,0,0,0,0
32154,"Yippee Magic Masala Noodles, 60 gm",NDPPROYIP00000015,31/03/21,V2VZ01SR001-0001,In,0,2,0,0
32154,"Fortune Kachi Ghani Mustard Oil Barni, 2 Ltr",OGCSNGFOR00000033,31/03/21,V2VZ01SR001-0001,In,0,0,0,0
32154,"Fortune Kachi Ghani Mustard Oil Barni, 2 Ltr",OGCSNGFOR00000034,31/03/21,V2VZ01SR001-0001,In,0,0,0,0
32154,Mario Oven Rusk 275 gm (Mrp-40),BKDPROMAR00000001,31/03/21,V2VZ01SR001-0001,In,321,0,0,0
32154,Mario Masala Noodles 280gm (Mrp-40),NDPPROMAR00000001,31/03/21,V2VZ01SR001-0001,In,0,0,0,0
32154,Mario Butter Bikis 90 gm (Mrp-10),BICPROMAR00000006,31/03/21,V2VZ01SR001-0001,In,5,1,0,0
32154,"Parle Milano Center Filled dark Cookies, 75 gm",BICPROPAR00000018,31/03/21,V2VZ01SR001-0001,In,1,0,0,0
32154,"Fortune Rozana Basmati Rice, 5 kg",RGRSNGFOR00000004,31/03/21,V2VZ01SR001-0001,In,99,0,0,0
32154,"Fortune Rozana Basmati Rice, 1 kg",RGRSNGFOR00000005,31/03/21,V2VZ01SR001-0001,In,641,4,0,0
32154,"Basmati Rice 1509, 10 KG",GRSGRSBIR00000003,31/03/21,V2VZ01SR001-0001,In,4,0,0,0
32154,Everin Vermicelli Plain 90 gm,NDPPROEVR00000001,31/03/21,V2VZ01SR001-0001,In,0,0,0,0
32154,Everin Vermicelli Plain 350 gm,NDPPROEVR00000002,31/03/21,V2VZ01SR001-0001,In,0,0,0,0
32154,Everin Vermicelli Roasted 100 gm,NDPPROEVR00000003,31/03/21,V2VZ01SR001-0001,In,284,0,0,0
32154,Everin Vermicelli Roasted 350 gm,NDPPROEVR00000004,31/03/21,V2VZ01SR001-0001,In,0,0,0,0
32154,Everin Pasta (Penne) 80 gm,NDPPROEVR00000005,31/03/21,V2VZ01SR001-0001,In,9,0,0,0
32154,Everin Pasta (Penne) 300 gm,NDPPROEVR00000006,31/03/21,V2VZ01SR001-0001,In,0,1,0,0
32154,Everin Macaroni 85 gm,NDPPROEVR00000007,31/03/21,V2VZ01SR001-0001,In,0,1,0,0
32154,Everin Macaroni 300 gm,NDPPROEVR00000008,31/03/21,V2VZ01SR001-0001,In,0,0,0,0
32154,Everin Macaroni 300 gm,PKPPROEVR00000007,31/03/21,V2VZ01SR001-0001,In,667,0,0,0
32154,Everin Snack Sauce (Extra Spicy) 200 gm,PKPPROEVR00000001,31/03/21,V2VZ01SR001-0001,In,38,0,0,0
32154,Everin Snack Sauce (No Onion No Garlic) 200 gm,PKPPROEVR00000002,31/03/21,V2VZ01SR001-0001,In,119,0,0,0
32154,Everin Green Chilli Sauce 200 gm,PKPPROEVR00000003,31/03/21,V2VZ01SR001-0001,In,61,0,0,0
32154,Everin Vinegar 200 gm,PKPPROEVR00000004,31/03/21,V2VZ01SR001-0001,In,196,0,0,0
32154,Everin Soya Sauce 200 gm,PKPPROEVR00000005,31/03/21,V2VZ01SR001-0001,In,0,0,0,0
32154,Everin Red Chilli Sauce 200 gm,PKPPROEVR00000006,31/03/21,V2VZ01SR001-0001,In,11,0,0,0
32154,"Patanjali Hand Sanitizer, 120 ml",HFWBDCPAT00000007,31/03/21,V2VZ01SR001-0001,In,0,0,0,0
32154,"Dabur Amla Hair Oil, 50 ml (Free Dabur Babul Toothpaste)",HROHARDBR00000002,31/03/21,V2VZ01SR001-0001,In,0,0,0,0
32154,"Everest Chat Masala, 10 gm Hamger Pack",SCSSNGEVE00000047,31/03/21,V2VZ01SR001-0001,In,0,0,0,0
32154,"Patanjali Doodh Biscuites, 90 gm",BICPROPAT00000001,31/03/21,V2VZ01SR001-0001,In,0,0,0,0
32154,"Patanjali Doodh Biscuites, 300 gm",BICPROPAT00000005,31/03/21,V2VZ01SR001-0001,In,0,0,0,0
32154,"Wand 2nd 1121, 25 KG",GRSGRSBIR00000006,31/03/21,V2VZ01SR001-0001,In,0,0,0,0
32154,"Patanjali Nariyal Biscuites, 92.85 gm",BICPROPAT00000002,31/03/21,V2VZ01SR001-0001,In,0,0,0,0
32154,"Wand 2nd 1121, 10 KG",GRSGRSBIR00000007,31/03/21,V2VZ01SR001-0001,In,0,0,0,0
32154,"Appy Fizz, 600 ml",BEVBEVAPP00000003,31/03/21,V2VZ01SR001-0001,In,0,0,0,0
32154,"Tibar 1121, 10 KG",GRSGRSBIR00000009,31/03/21,V2VZ01SR001-0001,In,0,0,0,0
32154,Moov Spray 35 ml,PHGHPCMOV00000001,31/03/21,V2VZ01SR001-0001,In,0,0,0,0
32154,"Dubar 1121,  25 KG",GRSGRSBIR00000010,31/03/21,V2VZ01SR001-0001,In,0,0,0,0
32154,"Mini Dubar 1121, 25 KG",GRSGRSBIR00000012,31/03/21,V2VZ01SR001-0001,In,0,0,0,0
32154,"Mini Dubar 1121, 10 KG",GRSGRSBIR00000013,31/03/21,V2VZ01SR001-0001,In,0,0,0,0
32154,"Super Mogra 1121, 25 KG",GRSGRSBIR00000014,31/03/21,V2VZ01SR001-0001,In,0,0,0,0
32154,Oral B Anti Bacterial Toothbrush 2+1,DCRHPCORL00000001,31/03/21,V2VZ01SR001-0001,In,16,0,0,0
32154,Oral B Toothbrush Pro Health Sensitiv Extra Soft 2+1P,DCRHPCORL00000005,31/03/21,V2VZ01SR001-0001,In,0,0,0,0
32154,Oral B Toothbrush Pro Helth Gum Med 2+2 1P,DCRHPCORL00000006,31/03/21,V2VZ01SR001-0001,In,0,0,0,0
32154,Oral B Toothbrush Pro Helth Gum Soft 2+2 1P,DCRHPCORL00000007,31/03/21,V2VZ01SR001-0001,In,0,0,0,0
32154,Oral B Prohealth Neem Soft Toothbrush B2Get 2 Free,DCRHPCORL00000009,31/03/21,V2VZ01SR001-0001,In,14,0,0,0
32154,"Mogra 1121, 25 Kg",GRSGRSBIR00000016,31/03/21,V2VZ01SR001-0001,In,0,0,0,0
32154,Pampers Pants Baby Diaper Medium 20P,BGMHPCPAM00000003,31/03/21,V2VZ01SR001-0001,In,6,0,0,0
32154,Pampers Pants Baby Diaper Medium 54P,BGMHPCPAM00000004,31/03/21,V2VZ01SR001-0001,In,0,0,0,0
32154,Pampers Pants Baby Diaper Medium 50P,DPNBGMPAM00000020,31/03/21,V2VZ01SR001-0001,In,7,0,0,0
32154,Pantene Conditioner Smooth & Silky 175 ml,HARHPCPAN00000003,31/03/21,V2VZ01SR001-0001,In,0,0,0,0
32154,"Amul Cow Ghee Tetra, 1 Ltr",GRSGRSAMU00000004,31/03/21,V2VZ01SR001-0001,In,0,0,0,0
32154,"Mini Mogra 1121, 25 KG",GRSGRSBIR00000018,31/03/21,V2VZ01SR001-0001,In,0,0,0,0
32154,Park Avenue Anti Dandruff Beer Shampoo 180 ml,HARHPCPAR00000007,31/03/21,V2VZ01SR001-0001,In,0,0,0,0
32154,Park Avenue Shav Crm Good Morning 70 gm,MHGHPCPAR00000002,31/03/21,V2VZ01SR001-0001,In,25,0,0,0
32154,"Basmati Wand  Yellow Flap, 25 Kg",GRSGRSBIR00000019,31/03/21,V2VZ01SR001-0001,In,0,0,0,0
32154,"Basmati Semi Wand Yellow Flap, 25 Kg",GRSGRSBIR00000020,31/03/21,V2VZ01SR001-0001,In,0,0,0,0
32154,"Basmati 2nd Wand Yellow Flap, 25 Kg",GRSGRSBIR00000021,31/03/21,V2VZ01SR001-0001,In,0,0,0,0
32154,"Tibar Yellow Flap, 25 Kg",GRSGRSBIR00000022,31/03/21,V2VZ01SR001-0001,In,0,0,0,0
32154,"Dubar Yellow Flap, 25 Kg",GRSGRSBIR00000023,31/03/21,V2VZ01SR001-0001,In,0,0,0,0
32154,"Mini Dubar Yellow Flap, 25 Kg",GRSGRSBIR00000024,31/03/21,V2VZ01SR001-0001,In,0,0,0,0
32154,Pears Pure & Gentle Soap  60 gm,BDCHPCPRS00000001,31/03/21,V2VZ01SR001-0001,In,0,0,0,0
32154,"Super Mogra Yellow Flap, 25Kg",GRSGRSBIR00000025,31/03/21,V2VZ01SR001-0001,In,0,0,0,0
32154,"Pepsodent Whitening Toothpaste, 150 gm",THPDCRPEP00000003,31/03/21,V2VZ01SR001-0001,In,0,0,0,0
32154,"Aashirvaad Shudh Chakki Atta, 10 Kg",GRSGRSAAS00000006,31/03/21,V2VZ01SR001-0001,In,0,0,0,0
32154,"Aashirvaad Shudh Chakki Atta, 5Kg",GRSGRSAAS00000007,31/03/21,V2VZ01SR001-0001,In,0,0,0,0
32154,"Mother Dairy Desi Ghee Tetra, 500 ml (MRP 245)",SNGSNGMDG00000001,31/03/21,V2VZ01SR001-0001,In,0,0,0,0
32154,"Mother Dairy Desi Ghee Tetra, 500 ml",GHEOGCMDG00000001,31/03/21,V2VZ01SR001-0001,In,0,0,0,0
32154,"Mother Dairy Desi Ghee Tetra, 500 ml",OGCSNGMDG00000007,31/03/21,V2VZ01SR001-0001,In,0,0,0,0
32154,"Mother Dairy Desi Ghee Tetra, 500 ml",OGCSNGMDG00000014,31/03/21,V2VZ01SR001-0001,In,0,0,0,0
32154,Wheel Active Clean & Fresh 165 gm,HOKHOKWHE00000010,31/03/21,V2VZ01SR001-0001,In,0,2,0,0
32154,"Fortune Kachi Ghani Mustard Oil Pouch, 1 Ltr",GRSGRSFOR00000018,31/03/21,V2VZ01SR001-0001,In,0,0,0,0
32154,"With 1 Case of Fortune KGMO Oil Pouch, 1 Ltr Get Soya Bari MRP-20 Free",GRSGRSFOR00000030,31/03/21,V2VZ01SR001-0001,In,0,0,0,0
32154,"Fortune Kachi Ghani Mustard Oil Pouch, 1 Ltr",OGCSNGFOR00000023,31/03/21,V2VZ01SR001-0001,In,0,0,0,0
32154,"Fortune Kachi Ghani Mustard Oil Pouch, 1 Ltr",OGCSNGFOR00000027,31/03/21,V2VZ01SR001-0001,In,0,1,0,0
32154,"Fortune Kachi Ghani Mustard Oil Pouch, 1 Ltr",OGCSNGFOR00000037,31/03/21,V2VZ01SR001-0001,In,0,0,0,0
32154,"Fortune Kachi Ghani Mustard Oil Pouch, 1 Ltr",OGCSNGFOR00000044,31/03/21,V2VZ01SR001-0001,In,0,0,0,0
32154,"Sunsilk Thing & Long Shampoo, 340 ml",SHMHARSUN00000012,31/03/21,V2VZ01SR001-0001,In,0,0,0,0
32154,"Priyagold Italiano Coconut Cookies, 75 gm",BICSNKPRI00000001,31/03/21,V2VZ01SR001-0001,In,0,0,0,0
32154,Tresemme Cond Smooth&Shine Bottle 190 ml,HARHPCTRE00000003,31/03/21,V2VZ01SR001-0001,In,0,0,0,0
32154,"Priyagold Italiano Butter Cookies, 75 gm",BICSNKPRI00000002,31/03/21,V2VZ01SR001-0001,In,0,0,0,0
32154,Vaseline Body Lotion Total Moisture 200 ml,BDCHPCVAS00000008,31/03/21,V2VZ01SR001-0001,In,0,0,0,0
32154,"Priyagold Italiano Choco Chips Cookies, 75 gm",BICSNKPRI00000003,31/03/21,V2VZ01SR001-0001,In,0,0,0,0
32154,"Priyagold Snakker Creme Biscuit, 600 ",BICSNKPRI00000004,31/03/21,V2VZ01SR001-0001,In,0,0,0,0
32154,Veet Hair Rem Wax Kit Strips Sensitive Skin,WHGHPCVET00000006,31/03/21,V2VZ01SR001-0001,In,21,0,0,0
32154,"Priyagold Butter Bite, 750 gm",BICSNKPRI00000005,31/03/21,V2VZ01SR001-0001,In,0,0,0,0
32154,"Priyagold Butter Bite Pista & Almond, 750 gm",BICSNKPRI00000006,31/03/21,V2VZ01SR001-0001,In,0,0,0,0
32154,"Oreo Double Stuff, 120 gm",BICPROORE00000003,31/03/21,V2VZ01SR001-0001,In,0,0,0,0
32154,"Oreo Double Stuff, 48 gm",BICPROORE00000004,31/03/21,V2VZ01SR001-0001,In,0,0,0,0
32154,"Tang Orange, 400 gm (Plastic Container)",HEDBNCTNG00000001,31/03/21,V2VZ01SR001-0001,In,9,0,0,0
32154,"Britannia Good Day Cashew almond, 33 gm",BICPROBRI00000053,31/03/21,V2VZ01SR001-0001,In,0,0,0,0
32154,Kissan Fresh Tomato Ketchup Doy Pack 950 Gm Pouch,SASPROKIS00000020,31/03/21,V2VZ01SR001-0001,In,0,0,0,0
32154,"Priyagold Butter Bite Cashew, 750 gm",BICSNKPRI00000007,31/03/21,V2VZ01SR001-0001,In,0,0,0,0
32154,"Kissan Tomato Ketchup, 500 gm Bottle",SASPROKIS00000021,31/03/21,V2VZ01SR001-0001,In,451,3,0,0
32154,"Knorr Classic Thick Tomato Soup, 53 gm",SASPROKNR00000005,31/03/21,V2VZ01SR001-0001,In,14,0,0,0
32154,"Kala Chana, 30 kg",PLBSNGLDA00000015,31/03/21,V2VZ01SR001-0001,In,0,0,0,0
32154,"Dove Cream Beauty Bathing Bar, 75 gm ( Buy 3 Get 1 Free )",BTSBDCDOV00000008,31/03/21,V2VZ01SR001-0001,In,0,0,0,0
32154,"Lux Soft Touch Soap, 53 gm (Pack of 4)",BTSBDCLUX00000006,31/03/21,V2VZ01SR001-0001,In,0,0,0,0
32154,"Vim Bar Tube, 250 gm",DTBDGTVIM00000003,31/03/21,V2VZ01SR001-0001,In,0,0,0,0
32154,"Surf Excel Easy Wash Detergent Liquid, 1 Ltr",LIDLQCSRF00000004,31/03/21,V2VZ01SR001-0001,In,0,0,0,0
32154,"Priyagold Butter Delight , Namkeen Jeera Biscuit 500 gm",BICPROPRI00000018,31/03/21,V2VZ01SR001-0001,In,0,0,0,0
32154,"Priyagold Digestive Biscuits, 750 gm",BICSNKPRI00000008,31/03/21,V2VZ01SR001-0001,In,36,0,0,0
32154,"Odonil Block, 300gm B3G1 Free",AFGARFDOD00000001,31/03/21,V2VZ01SR001-0001,In,0,0,0,0
32154,"Godrej No.1  Aloe Vera & White Lily, 70g (Pack of 4)",BTSBDCGNO00000014,31/03/21,V2VZ01SR001-0001,In,0,0,0,0
32154,"Aashirvaad Salt, 1 Kg",SSJSNGAAS00000001,31/03/21,V2VZ01SR001-0001,In,0,1,0,0
32154,"Priyagold Marie Lite Biscuits, 450 gm",BICSNKPRI00000009,31/03/21,V2VZ01SR001-0001,In,0,0,0,0
32154,Lux  Soft Touch Soap 56 gm Pack of 4 with Save 25%,BTSBDCLUX00000008,31/03/21,V2VZ01SR001-0001,In,0,0,0,0
32154,Pepsi 475 ml,CBDBNCPSI00000002,31/03/21,V2VZ01SR001-0001,In,0,0,0,0
32154,Mountain Dew 475 ml,CBDBNCMDE00000002,31/03/21,V2VZ01SR001-0001,In,0,24,0,0
32154,Mirinda Orange 475 ml,CBDBNCMIR00000001,31/03/21,V2VZ01SR001-0001,In,0,0,0,0
32154,"Priyagold Crack N Cheer Sweet & Salty, 500 gm",BICSNKPRI00000010,31/03/21,V2VZ01SR001-0001,In,141,0,0,0
32154,Priyagold Butter Bite Cashew 40 gm,BICPROPRI00000021,31/03/21,V2VZ01SR001-0001,In,5,9,0,0
32154,Priyagold Club Creme Chocolate 50 gm,BICPROPRI00000022,31/03/21,V2VZ01SR001-0001,In,0,2,0,0
32154,Priyagold Butter Milk 50 gm,BICPROPRI00000023,31/03/21,V2VZ01SR001-0001,In,0,0,0,0
32154,Priyagold Digestive Biscuit 185G(150G+35 GFREE),BICPROPRI00000024,31/03/21,V2VZ01SR001-0001,In,0,0,0,0
32154,Priyagold Crackle Coconut 90 gm,BICPROPRI00000025,31/03/21,V2VZ01SR001-0001,In,0,0,0,0
32154,Priyagold Fruit Cake Magic 150 gm,BICPROPRI00000026,31/03/21,V2VZ01SR001-0001,In,36,0,0,0
32154,"Fortune Biryaani Special basmati rice , 1 Kg",RGRSNGFOR00000006,31/03/21,V2VZ01SR001-0001,In,0,0,0,0
32154,"Priyagold Snack Zig-zag Salty, 400 gm",BICSNKPRI00000011,31/03/21,V2VZ01SR001-0001,In,2,0,0,0
32154,"Fortune everyday basmati rice full grain , 5 KG",RGRSNGFOR00000007,31/03/21,V2VZ01SR001-0001,In,1,0,0,0
32154,"Fortune Hamesha basmati rice , 5 KG",RGRSNGFOR00000008,31/03/21,V2VZ01SR001-0001,In,4,0,0,0
32154,"ITC Sunfeast Bounce Cream Tangy Orange, 41 gm",BICPROSNF00000014,31/03/21,V2VZ01SR001-0001,In,0,0,0,0
32154,"ITC Sunfeast Mom's Magic Rich Butter, 44 gm",BICPROSNF00000015,31/03/21,V2VZ01SR001-0001,In,0,0,0,0
32154,"ITC Sunfeast Bounce Cream Choco Twist, 41 gm",BICPROSNF00000017,31/03/21,V2VZ01SR001-0001,In,0,0,0,0
32154,"ITC Sunfeast Mom's Magic Fruit & Milk, 200 gm",BICPROSNF00000018,31/03/21,V2VZ01SR001-0001,In,0,0,0,0
32154,"Priyagold Butter   Lite Jeera, 500 gm",BICSNKPRI00000012,31/03/21,V2VZ01SR001-0001,In,0,0,0,0
32154,ITC Sunfeast Dark fantasy Bourbon  60gm+20Gm extra,BICPROSNF00000022,31/03/21,V2VZ01SR001-0001,In,0,0,0,0
32154,Parle 20-20 Cookeis Butter 40gm,BICPROPAR00000019,31/03/21,V2VZ01SR001-0001,In,0,0,0,0
32154,Parle Hide & Seek Choco Roll jar 500gm,BICPROPAR00000020,31/03/21,V2VZ01SR001-0001,In,0,0,0,0
32154,Parle Hide & Seek Chocolate Chips jar 500gm,BICPROPAR00000021,31/03/21,V2VZ01SR001-0001,In,0,0,0,0
32154,Parle Hide & Seek Black Bourbon Chococreme Sandwich 100gm,BICPROPAR00000022,31/03/21,V2VZ01SR001-0001,In,216,0,0,0
32154,Parle Hide & Seek Black Bourbon Vanilla creme Sandwich 100gm,BICPROPAR00000023,31/03/21,V2VZ01SR001-0001,In,324,0,0,0
32154,"Parle Krackjack Biscuit, 37.8gm (MRP 5)",BICPROPAR00000025,31/03/21,V2VZ01SR001-0001,In,0,2,0,0
32154,"Priyagold Cheez Cracker, 400 gm",BICSNKPRI00000013,31/03/21,V2VZ01SR001-0001,In,0,0,0,0
32154,Magix Cream RND Elaichi 40.8gm,BICPROPAR00000027,31/03/21,V2VZ01SR001-0001,In,0,0,0,0
32154,"Parle Monaco Classic, 37.7gm",BICPROPAR00000028,31/03/21,V2VZ01SR001-0001,In,0,13,0,0
32154,"Parle Monaco Pizza, 50 gm",BICPROPAR00000029,31/03/21,V2VZ01SR001-0001,In,0,0,0,0
32154,"Parle Coconut cookies, 200gm",BICPROPAR00000030,31/03/21,V2VZ01SR001-0001,In,0,1,0,0
32154,"Parle-G Glucose Biscuit 24,50gm (Mrp-2)",BICPROPAR00000031,31/03/21,V2VZ01SR001-0001,In,0,0,0,0
32154,"Parle Nutricrunch Dig Marie, 120 gm",BICPROPAR00000033,31/03/21,V2VZ01SR001-0001,In,257,1,0,0
32154,"Parle Nutricrunch Dig Marie, 120 gm",BICPROPAR00000043,31/03/21,V2VZ01SR001-0001,In,60,8,0,0
32154,"YD Rings Mango Chutney Namkeen, 14 gm",CNPPROYLD00000025,31/03/21,V2VZ01SR001-0001,In,0,0,0,0
32154,"YD Pasta Chinese Chilli Namkeen, 23 gm",CNPPROYLD00000026,31/03/21,V2VZ01SR001-0001,In,0,0,0,0
32154,"YD Wheels Chatpata Masala, 20 gm",CNPPROYLD00000027,31/03/21,V2VZ01SR001-0001,In,0,0,0,0
32154,"Priyagold Butter Milk, 500 gm",BICSNKPRI00000014,31/03/21,V2VZ01SR001-0001,In,102,0,0,0
32154,"YD Chulbule Tangy Tomato, 90 gm",CNPPROYLD00000028,31/03/21,V2VZ01SR001-0001,In,0,0,0,0
32154,"YD Chips Plain Salted, 65 gm",CNPPROYLD00000029,31/03/21,V2VZ01SR001-0001,In,985,0,0,0
32154,"YD Kurves Tomato Namkeen, 22 gm",CNPPROYLD00000030,31/03/21,V2VZ01SR001-0001,In,0,0,0,0
32154,"Tops Gold Mixed Pickle Jar, 950 gm Buy 1 Get 1 Free",PKPPROTOP00000081,31/03/21,V2VZ01SR001-0001,In,0,0,0,0
32154,"Tops Gold Mixed Pickle Jar, 950 gm Buy 1 Get 1 Free",PKPPROTOP00000093,31/03/21,V2VZ01SR001-0001,In,0,0,0,0
32154,"Tops Green Chilli Pickle Jar, 950 gm Buy 1 Get 1 Free",PKPPROTOP00000082,31/03/21,V2VZ01SR001-0001,In,0,0,0,0
32154,"Tops Green Chilli Pickle Jar, 950 gm Buy 1 Get 1 Free",PKPPROTOP00000119,31/03/21,V2VZ01SR001-0001,In,0,0,0,0
32154,"Tops Gold Lime Pickle Jar, 1 kg Buy 1 Get 1 Free",PKPPROTOP00000083,31/03/21,V2VZ01SR001-0001,In,0,0,0,0
32154,"Tops Gold Lime Pickle Jar, 1 kg Buy 1 Get 1 Free",PKPPROTOP00000105,31/03/21,V2VZ01SR001-0001,In,0,0,0,0
32154,"Tops Gold Mango Pickle, 950 gm Buy 1 Get 1 Free",PKPPROTOP00000084,31/03/21,V2VZ01SR001-0001,In,0,0,0,0
32154,"Tops Gold Mango Pickle, 950 gm Buy 1 Get 1 Free",PKPPROTOP00000092,31/03/21,V2VZ01SR001-0001,In,0,0,0,0
32154,"Tops Mix Fruit Exotic Jam, 200g+ 50gm Free",PKPPROTOP00000085,31/03/21,V2VZ01SR001-0001,In,0,0,0,0
32154,"Tops Red Chilli Souce, 1.15 Kg",SASPROTOP00000024,31/03/21,V2VZ01SR001-0001,In,0,0,0,0
32154,"Tops Red Chilli Souce, 1.15 Kg",SASPROTOP00000034,31/03/21,V2VZ01SR001-0001,In,47,0,0,0
32154,"Tops Green Chilli Souce, 1.15 Kg",SASPROTOP00000025,31/03/21,V2VZ01SR001-0001,In,0,0,0,0
32154,Priyagold Butter Delight 400Gm,BICSNKPRI00000015,31/03/21,V2VZ01SR001-0001,In,0,0,0,0
32154,"Tops Instant Mix Plain Dosa, 200 gm",PKPPROTOP00000086,31/03/21,V2VZ01SR001-0001,In,0,0,0,0
32154,"Tops Instant Mix Plain Dosa, 200 gm",PKPPROTOP00000094,31/03/21,V2VZ01SR001-0001,In,0,0,0,0
32154,"Tops Soya Souce, 1.30 Kg",SASPROTOP00000026,31/03/21,V2VZ01SR001-0001,In,0,0,0,0
32154,TOPS SAUCE SNACK BT 970GM BUY 1 GET 1 FREE,SASPROTOP00000027,31/03/21,V2VZ01SR001-0001,In,0,0,0,0
32154,TOPS SAUCE SNACK BT 970GM BUY 1 GET 1 FREE,SASPROTOP00000032,31/03/21,V2VZ01SR001-0001,In,0,0,0,0
32154,"Tops Dessertmix Vanila Favour, 100G 30% Extra",PKPPROTOP00000087,31/03/21,V2VZ01SR001-0001,In,0,0,0,0
32154,"Tops Dessertmix Vanila Favour, 100G 30% Extra",PKPPROTOP00000108,31/03/21,V2VZ01SR001-0001,In,67,0,0,0
32154,"Tops Dessertmix Kesar Elaichi Flavour, 100G + Free 30% Extra",PKPPROTOP00000088,31/03/21,V2VZ01SR001-0001,In,0,0,0,0
32154,"Tops Dessertmix Kesar Elaichi Flavour, 100G + Free 30% Extra",BKDPROTOP00000047,31/03/21,V2VZ01SR001-0001,In,0,0,0,0
32154,Unibic -Cashew Badam Cookies 100 gm,BSCBSCUNI00000001,31/03/21,V2VZ01SR001-0001,In,2683,44,0,0
32154,Unibic -Orange Milk Cookies 100 gm,BSCBSCUNI00000002,31/03/21,V2VZ01SR001-0001,In,4384,2,0,0
32154,"Unibic - Choco Hazelnut Cookies, 100 gm",BSCBSCUNI00000003,31/03/21,V2VZ01SR001-0001,In,500,1,0,0
32154,Bikano Assorted Namkeen Combi (200g*5),CNNSBFBIK00000013,31/03/21,V2VZ01SR001-0001,In,0,0,0,0
32154,Bikano Assorted Namkeen Combi (200gx5),CNNSBFBIK00000024,31/03/21,V2VZ01SR001-0001,In,0,0,0,0
32154,"Dettol Instant Hand Sanitizer, Original,25 ml",HEAHEADET00000020,31/03/21,V2VZ01SR001-0001,In,0,0,0,0
32154,"Priyagold Choco Chakker, 400 gm",BICSNKPRI00000016,31/03/21,V2VZ01SR001-0001,In,11,0,0,0
32154,Bikano Chips Combi Asssorted 198 gm (Pack of 3),CNNSBFBIK00000017,31/03/21,V2VZ01SR001-0001,In,0,0,0,0
32154,Bikano Chips Combi Salted 198 gm (Pack of 3),CNNSBFBIK00000018,31/03/21,V2VZ01SR001-0001,In,0,0,0,0
32154,Bikano Chips Combi Masala 198 gm (Pack of 3),CNNSBFBIK00000019,31/03/21,V2VZ01SR001-0001,In,0,0,0,0
32154,Bikano Chips Combi Cream n Onion 198 gm,CNNSBFBIK00000020,31/03/21,V2VZ01SR001-0001,In,0,0,0,0
32154,Bikano Nut Combi 250 gm (Pack of 3),CNNSBFBIK00000021,31/03/21,V2VZ01SR001-0001,In,0,0,0,0
32154,Bikano Mixture Combi 260 gm,CNNSBFBIK00000023,31/03/21,V2VZ01SR001-0001,In,0,0,0,0
32154,"Tops Dessertmix Strawberry Favour, 100G 30% Extra",PKPPROTOP00000089,31/03/21,V2VZ01SR001-0001,In,0,0,0,0
32154,"Tops Custard Powder Strawberry,100 gm BX(30% Extra)",PKPPROTOP00000103,31/03/21,V2VZ01SR001-0001,In,0,0,0,0
32154,"Priyagold Club Creme Elaichi, 400 gm",BICSNKPRI00000017,31/03/21,V2VZ01SR001-0001,In,123,0,0,0
32154,"Dettol Instant Hand Sanitizer, Original,25 ml",HCRHPCDET00000001,31/03/21,V2VZ01SR001-0001,In,0,0,0,0
32154,"Tops Dessertmix Custard Butterscotch, 100G + Free 30 % Extra",PKPPROTOP00000090,31/03/21,V2VZ01SR001-0001,In,0,0,0,0
32154,Bajaj Nomarks Hand Sanitizer 100 ml,HWSPCRNOM00000001,31/03/21,V2VZ01SR001-0001,In,433,0,0,0
32154,Bajaj Nomarks Hand Sanitizer 200 ml,HWSPCRNOM00000002,31/03/21,V2VZ01SR001-0001,In,85,0,0,0
32154,Nestle Everyday Milk Powder 1 kg,BREBRENES00000001,31/03/21,V2VZ01SR001-0001,In,6,0,0,0
32154,"Himalaya Baby Cream Extra Soft & Gentle, 100 ml",BGMHPCHIM00000004,31/03/21,V2VZ01SR001-0001,In,97,0,0,0
32154,"Himalaya Men Pimple Clear Neem Face wash, 100 ml",HFWBDCHIM00000009,31/03/21,V2VZ01SR001-0001,In,0,0,0,0
32154,Himalaya Pure Hand Sanitizer (Orange) 500 ml ,HFWBDCHIM00000010,31/03/21,V2VZ01SR001-0001,In,17,1,0,0
32154,"Priyagold Club Creme Choco, 400 gm",BICSNKPRI00000018,31/03/21,V2VZ01SR001-0001,In,82,0,0,0
32154,"Chupa Chups Mixed Fruit Saur Bites, 61.6 gm",CTLBNCCHP00000008,31/03/21,V2VZ01SR001-0001,In,0,0,0,0
32154,"Amulya Dairy whitener, 200 gm",BFDSNGAMU00000018,31/03/21,V2VZ01SR001-0001,In,11,1,0,0
32154,"Amul Creamer, 120 Unit , 360 Gm",BFDSNGAMU00000019,31/03/21,V2VZ01SR001-0001,In,82,0,0,0
32154,Patanjali Marie Biscuit 120 gm,BICPROPAT00000003,31/03/21,V2VZ01SR001-0001,In,0,2,0,0
32154,Patanjali Aarogya Biscuit 120 gm,BICPROPAT00000004,31/03/21,V2VZ01SR001-0001,In,0,0,0,0
32154,"Patanjali Atta Noodles Yummy Masala, 60 gm",NDPPROPAT00000010,31/03/21,V2VZ01SR001-0001,In,0,0,0,0
32154,"Dove Healthy Ritual For Growing Shampoo, 180 ml",SHMHARDOV00000020,31/03/21,V2VZ01SR001-0001,In,0,0,0,0
32154,"Lifebouy Nature Handwash Pouch, 185 ml (Pack of 3)",HFWBDCLIF00000010,31/03/21,V2VZ01SR001-0001,In,0,1,0,0
32154,"Lifebouy Total 10 Handwash cool fresh  Pouch, 185 ml (Pack of 3)",HFWBDCLIF00000011,31/03/21,V2VZ01SR001-0001,In,0,3,0,0
32154,"Priyagold Club Creme Orange, 500 gm",BICSNKPRI00000019,31/03/21,V2VZ01SR001-0001,In,0,0,0,0
32154,"Lifebouy Total 10 Handwash Nature Pouch, 750 ml",HFWBDCLIF00000012,31/03/21,V2VZ01SR001-0001,In,0,0,0,0
32154,"Vim Dishwash Liquid Gel, 1.8 Ltr Plastic Can",LDCLQCVIM00000003,31/03/21,V2VZ01SR001-0001,In,0,0,0,0
32154,"Vim Dishwash Liquid Gel, 1.8 Ltr Plastic Can",LDCLQCVIM00000004,31/03/21,V2VZ01SR001-0001,In,0,0,0,0
32154,"Colgate Strong Teeth TP,200 gm Buy 1 TP & 2 Pcs Free Loreal Shampoo, Mrp- 5)",THPDCRCOL00000026,31/03/21,V2VZ01SR001-0001,In,0,0,0,0
32154,Bikano kaju Mixture 200gm,NKMPROBIK00000044,31/03/21,V2VZ01SR001-0001,In,1,0,0,0
32154,Bikano Tasty Spicy Coated Peanuts 200 gm,NKMPROBIK00000045,31/03/21,V2VZ01SR001-0001,In,81,0,0,0
32154,"Priyagold Snakker Sandwich Biscuits, 600 gm (Jumbo Pack)",BICPROPRI00000027,31/03/21,V2VZ01SR001-0001,In,0,0,0,0
32154,"Priyagold Mambo Roasted Multigrain Salsa Chips, 50 gm",CNPSNKPRI00000001,31/03/21,V2VZ01SR001-0001,In,0,1,0,0
32154,"Priyagold Sweet & Salty Biscuits, 450 gm (Jumbo Pack)",BICPROPRI00000028,31/03/21,V2VZ01SR001-0001,In,152,0,0,0
32154,"Gainda Hand Sanitizer, 250 ml",HFWBDCGPH00000001,31/03/21,V2VZ01SR001-0001,In,212,1,0,0
32154,"Priyagold Mambo Roasted Multigrain Maxican sweet, 50 gm",CNPSNKPRI00000002,31/03/21,V2VZ01SR001-0001,In,0,0,0,0
32154,"Priyagold Mambo Roasted Multigrain wavy Peri Peri, 50 gm",CNPSNKPRI00000003,31/03/21,V2VZ01SR001-0001,In,0,0,0,0
32154,"Priyagold Mambo Roasted Multigrain Sour Cream n Onion, 50 gm",CNPSNKPRI00000004,31/03/21,V2VZ01SR001-0001,In,0,0,0,0
32154,"Priyagold Freshgold Apple Juice, 1 ltr",JMTLQDPRI00000001,31/03/21,V2VZ01SR001-0001,In,0,1,0,0
32154,"Priyagold Freshgold Pomegranate Juice, 1 ltr",JMTLQDPRI00000002,31/03/21,V2VZ01SR001-0001,In,0,2,0,0
32154,"Mother Dairy Cow Ghee, 1 Ltr Jar",OGCSNGMDG00000016,31/03/21,V2VZ01SR001-0001,In,0,0,0,0
32154,"Axe Signature Mysterious Body Perfume ticket, 17 ml",FSPBDCAXE00000008,31/03/21,V2VZ01SR001-0001,In,0,0,0,0
32154,"Priyagold Freshgold Orange Juice, 1 ltr",JMTLQDPRI00000003,31/03/21,V2VZ01SR001-0001,In,0,1,0,0
32154,"Kissan Orange Marmalade,200 gm",PKPPROKIS00000006,31/03/21,V2VZ01SR001-0001,In,45,0,0,0
32154,"Priyagold Freshgold Mix Fruit Juice, 1 ltr",JMTLQDPRI00000004,31/03/21,V2VZ01SR001-0001,In,1,9,0,0
32154,Funfoods Italian Pasta Alfredo 275 gm,SASPROFNF00000008,31/03/21,V2VZ01SR001-0001,In,91,0,0,0
32154,Funfoods Mustard American 260 gm,SASPROFNF00000010,31/03/21,V2VZ01SR001-0001,In,48,0,0,0
32154,Funfoods Mustard English 300 gm,SASPROFNF00000011,31/03/21,V2VZ01SR001-0001,In,0,0,0,0
32154,"Priyagold Freshgold Litchi Juice, 1 ltr",JMTLQDPRI00000005,31/03/21,V2VZ01SR001-0001,In,1,0,0,0
32154,Funfoods Topping Chocolate 300 gm,BKDPROFNF00000001,31/03/21,V2VZ01SR001-0001,In,0,0,0,0
32154,Funfoods Bake Mix Brownie 250 gm,BKDPROFNF00000002,31/03/21,V2VZ01SR001-0001,In,0,0,0,0
32154,Funfoods Bake Mix Choco Lava 320 gm,BKDPROFNF00000003,31/03/21,V2VZ01SR001-0001,In,0,0,0,0
32154,Funfoods Bake Mix Chocolate 250 gm,BKDPROFNF00000004,31/03/21,V2VZ01SR001-0001,In,0,0,0,0
32154,Funfoods Mix Cold Coffee 200 gm,JMTBNCFNF00000001,31/03/21,V2VZ01SR001-0001,In,0,0,0,0
32154,Funfoods Mix Milk Shake Badam Elaichi 200 gm,JMTBNCFNF00000002,31/03/21,V2VZ01SR001-0001,In,0,0,0,0
32154,Funfoods Mix Milk Shake Butterscotch 200 gm,JMTBNCFNF00000003,31/03/21,V2VZ01SR001-0001,In,0,0,0,0
32154,Funfoods Mix Milk Shake Chocolate 200 gm,JMTBNCFNF00000004,31/03/21,V2VZ01SR001-0001,In,0,0,0,0
32154,Funfoods Mix Milk Shake Kesar Pista 200 gm,JMTBNCFNF00000005,31/03/21,V2VZ01SR001-0001,In,0,0,0,0
32154,Funfoods Mix Milk Shake Strawberry 200 gm,JMTBNCFNF00000006,31/03/21,V2VZ01SR001-0001,In,0,0,0,0
32154,"Priyagold Freshgold Pineapple Juice, 1 ltr",JMTLQDPRI00000006,31/03/21,V2VZ01SR001-0001,In,0,0,0,0
32154,Funfoods Mix Milk Shake Vanilla 200 gm,JMTBNCFNF00000007,31/03/21,V2VZ01SR001-0001,In,0,0,0,0
32154,"Priyagold Freshgold Mango Juice, 1 ltr",JMTLQDPRI00000007,31/03/21,V2VZ01SR001-0001,In,0,0,0,0
32154,"Priyagold Freshgold Gauva Juice, 1 ltr",JMTLQDPRI00000008,31/03/21,V2VZ01SR001-0001,In,0,0,0,0
32154,Priyagold Hunk Pouch,CHCCNFPRI00000001,31/03/21,V2VZ01SR001-0001,In,354,0,0,0
32154,"Priyagold Snakker Waffeeer with Choco, 300 gm",CTLCHCPRI00000001,31/03/21,V2VZ01SR001-0001,In,3,0,0,0
32154,"Priyagold Kachcha Aam with Masala Candy, 50 pcs (Pouch)",CTLCHCPRI00000002,31/03/21,V2VZ01SR001-0001,In,0,0,0,0
32154,"Priyagold Toffito milk mango (Pouch), 50 pcs",CTLCHCPRI00000003,31/03/21,V2VZ01SR001-0001,In,5,0,0,0
32154,Moov Pain Relief Specialist 15 G,HPCHPCMOV00000004,31/03/21,V2VZ01SR001-0001,In,54,0,0,0
32154,"Priyagold Toffito milk Strawberry (Pouch), 50 pcs",CTLCHCPRI00000004,31/03/21,V2VZ01SR001-0001,In,0,0,0,0
32154,Moov Instant Pain Relief Spray 50 gm,MRRPHGMOV00000006,31/03/21,V2VZ01SR001-0001,In,0,0,0,0
32154,"Priyagold Toffito milk Caramel (Pouch), 50 pcs",CTLCHCPRI00000005,31/03/21,V2VZ01SR001-0001,In,0,4,0,0
32154,"Priyagold Snakker Coffee Creme Toffee (Pouch), 50 pcs",CTLCHCPRI00000006,31/03/21,V2VZ01SR001-0001,In,0,0,0,0
32154,Veet Hair Removal Cream for Men Sensitive skin 100 gm,MHGHPCVET00000003,31/03/21,V2VZ01SR001-0001,In,32,0,0,0
32154,"Priyagold Amore Litchi (Pouch), 50 pcs",CTLCHCPRI00000007,31/03/21,V2VZ01SR001-0001,In,11,0,0,0
32154,"Priyagold Amore Orange (Pouch), 50 pcs",CTLCHCPRI00000008,31/03/21,V2VZ01SR001-0001,In,0,0,0,0
32154,"Amul Cow Ghee Tin, 1 Ltr",OGCSNGAMU00000012,31/03/21,V2VZ01SR001-0001,In,0,0,0,0
32154,"India Gate Regular Choice, 5 Kg",RGRSNGIND00000007,31/03/21,V2VZ01SR001-0001,In,0,0,0,0
32154,"India Gate Regular Choice, 5 Kg",RGRSNGIND00000020,31/03/21,V2VZ01SR001-0001,In,11,0,0,0
32154,"India Gate Brown Rice Jar, 1 Kg",RGRSNGIND00000008,31/03/21,V2VZ01SR001-0001,In,0,0,0,0
32154,"Unity Mogra, 10 Kg",RGRSNGUNS00000001,31/03/21,V2VZ01SR001-0001,In,5,0,0,0
32154,"Unity Mini Mogra, 10 Kg",RGRSNGUNS00000002,31/03/21,V2VZ01SR001-0001,In,4,0,0,0
32154,"Unity Mini Mogra, 25 Kg",RGRSNGUNS00000003,31/03/21,V2VZ01SR001-0001,In,0,0,0,0
32154,"Unity Sella Supreme Golden, 10Kg",RGRSNGUNS00000004,31/03/21,V2VZ01SR001-0001,In,2,0,0,0
32154,"Unity Sella Supreme Golden, 25Kg",RGRSNGUNS00000005,31/03/21,V2VZ01SR001-0001,In,10,0,0,0
32154,"Unity Sella Regular Golden, 10 Kg",RGRSNGUNS00000006,31/03/21,V2VZ01SR001-0001,In,1,0,0,0
32154,"Priyagold Amore Strawberry (Pouch), 50 pcs",CTLCHCPRI00000009,31/03/21,V2VZ01SR001-0001,In,0,0,0,0
32154,"Unity Sella Regular Golden, 25 Kg",RGRSNGUNS00000007,31/03/21,V2VZ01SR001-0001,In,3,0,0,0
32154,Bikano Aloo Bhujia 9 gm,BICPROBIK00000002,31/03/21,V2VZ01SR001-0001,In,0,0,0,0
32154,Bikano Moong Dal 9 gm,BICPROBIK00000003,31/03/21,V2VZ01SR001-0001,In,0,0,0,0
32154,Bikano Navratan Mixture 9 gm,BICPROBIK00000004,31/03/21,V2VZ01SR001-0001,In,0,0,0,0
32154,Bikano Bikaneri Bhujia 9 gm,BICPROBIK00000005,31/03/21,V2VZ01SR001-0001,In,0,0,0,0
32154,Bikano Chana Dal 9 gm,BICPROBIK00000006,31/03/21,V2VZ01SR001-0001,In,0,0,0,0
32154,Priyagold Butter bite 250 gm,BICPROPRI00000029,31/03/21,V2VZ01SR001-0001,In,0,0,0,0
32154,Priyagold Butter Bite Badam Pista 200 gm,BICPROPRI00000030,31/03/21,V2VZ01SR001-0001,In,0,0,0,0
32154,Priyagold Butter Bite Butter Cashew 200 gm,BICPROPRI00000031,31/03/21,V2VZ01SR001-0001,In,29,0,0,0
32154,Priyagold Butter Lite Jeera 100 gm,BICPROPRI00000032,31/03/21,V2VZ01SR001-0001,In,0,0,0,0
32154,"Priyagold Eclairs (Pouch), 100 pcs",CTLCHCPRI00000010,31/03/21,V2VZ01SR001-0001,In,0,0,0,0
32154,Priyagold Butter Lite Jeera 200 gm,BICPROPRI00000033,31/03/21,V2VZ01SR001-0001,In,0,1,0,0
32154,"Quaker Oats Refill, 1 kg",BFDSNGQKR00000001,31/03/21,V2VZ01SR001-0001,In,0,0,0,0
32154,"Quaker Oats, 400 gm",BFDSNGQKR00000003,31/03/21,V2VZ01SR001-0001,In,0,0,0,0
32154,Dettol Cool Soap 125 gm ( Buy 4 get 1 free),BTSBDCDET00000017,31/03/21,V2VZ01SR001-0001,In,0,0,0,0
32154,Dettol Original Soap 75Gm Pk4+1,BTSBDCDET00000015,31/03/21,V2VZ01SR001-0001,In,141,0,0,0
32154,Dabur Red Paste 100gm Toothpaste,HPCHPCDRE00000001,31/03/21,V2VZ01SR001-0001,In,1,0,0,0
32154,Dettol Original Soap 125 gm ( Buy 4 get 1 free),BTSBDCDET00000011,31/03/21,V2VZ01SR001-0001,In,0,0,0,0
32154,Dettol Original Soap 125 gm ( Buy 4 get 1 free),BTSBDCDET00000018,31/03/21,V2VZ01SR001-0001,In,0,0,0,0
32154,"Dabur Red Paste,100gm Free Dabur Red Paste, 20gm",THPDCRDRE00000003,31/03/21,V2VZ01SR001-0001,In,2,0,0,0
32154,Dettol Original Soap 75 gm ( Buy 3 get 1 free),BTSBDCDET00000016,31/03/21,V2VZ01SR001-0001,In,0,0,0,0
32154,"Quaker Oats, 90 gm",BFDSNGQKR00000005,31/03/21,V2VZ01SR001-0001,In,0,0,0,0
32154,"Parle wafer Aloo chat, 80 gm",HPCHPCDET00000001,31/03/21,V2VZ01SR001-0001,In,0,0,0,0
32154,Mario Indi-bol Chai Masala Biscuit,BICPROMAR00000007,31/03/21,V2VZ01SR001-0001,In,445,0,0,0
32154,Mario Dunkin Rusk (Mrp 65),BKDPROMAR00000002,31/03/21,V2VZ01SR001-0001,In,116,0,0,0
32154,Fena Detergent Cake 190 gm ( Pack of 4),HNKHNKFNA00000001,31/03/21,V2VZ01SR001-0001,In,0,0,0,0
32154,"Everest Garam Masala, 15 gm Hanger Pack",SCSSNGEVE00000050,31/03/21,V2VZ01SR001-0001,In,3,0,0,0
32154,"YD Potato Chips Magic Masala, 65 gm",CNPPROYLD00000031,31/03/21,V2VZ01SR001-0001,In,0,0,0,0
32154,Cadbury Bournvita Health Drink Pouch 75 gm,PDMBVRBON00000003,31/03/21,V2VZ01SR001-0001,In,0,0,0,0
32154,Cadbury Bournvita Health Drink Pouch 500 gm,PDMBVRBON00000005,31/03/21,V2VZ01SR001-0001,In,0,0,0,0
32154,Cadbury Bournvita Little Champs Health Drink Pouch 500 gm,PDMBVRBON00000006,31/03/21,V2VZ01SR001-0001,In,0,0,0,0
32154,Cadbury Cocoa Powder Mix 150 gm,HEDBNCBON00000010,31/03/21,V2VZ01SR001-0001,In,8,0,0,0
32154,Cadbury Dairy Milk Chocolate Bar 50 gm,CNFCNFCDM00000001,31/03/21,V2VZ01SR001-0001,In,0,4,0,0
32154,"Lizol Disinfectant Floor Cleaner Neem, 500 ml",HNKHNKLIZ00000001,31/03/21,V2VZ01SR001-0001,In,0,0,0,0
32154,Cadbury Bournville Raisin & Nuts Dark Chocolate Bar 80 gm,CHOBNCBOU00000004,31/03/21,V2VZ01SR001-0001,In,10,0,0,0
32154,Cadbury Temptations Chocolate Rum & Raisin 72 gm,CHOBNCCAD00000006,31/03/21,V2VZ01SR001-0001,In,0,3,0,0
32154,Lux Velvet Touch Soap 100 gm (Pack of 3),HPCHPCLUX00000001,31/03/21,V2VZ01SR001-0001,In,0,0,0,0
32154,Cadbury Temptations Chocolate Bar Almond Treat 72 gm,CHOBNCCAD00000007,31/03/21,V2VZ01SR001-0001,In,0,0,0,0
32154,Lux Velvet Touch Soap 100 gm (Pack of 3),PREHPCLUX00000002,31/03/21,V2VZ01SR001-0001,In,0,0,0,0
32154,Cadbury Perk Double Chocolate Bar 29 gm,CHOBNCPER00000001,31/03/21,V2VZ01SR001-0001,In,18,0,0,0
32154,Cadbury Five Star Chocolate Home Pack 200 gm,CHOBNCFIV00000004,31/03/21,V2VZ01SR001-0001,In,26,0,0,0
32154,Pampers New Baby Dry Pants 10 pcs,HPCHPCPAM00000001,31/03/21,V2VZ01SR001-0001,In,6,0,0,0
32154,Pampers New Baby Dry Pants 10 pcs,DPNBGMPAM00000007,31/03/21,V2VZ01SR001-0001,In,12,0,0,0
32154,"Parachute Advansed Jasmine, 190 ml",HPCHPCPAR00000001,31/03/21,V2VZ01SR001-0001,In,0,0,0,0
32154,Cadbury Oreo Vanilla Original Creme Sandwich Biscuit 120 gm,BICPROGEM00000001,31/03/21,V2VZ01SR001-0001,In,0,9,0,0
32154,"Parachute Advansed Jasmine Coconut Hair Oil, 190 ml+Parachute Advansed Jasmine Coconut Hair Oil 45 Ml",HROHARPAR00000002,31/03/21,V2VZ01SR001-0001,In,0,0,0,0
32154,Parachute Jasmine Hair Oil 190Ml,HROHARPAR00000004,31/03/21,V2VZ01SR001-0001,In,0,0,0,0
32154,Cadbury Oreo Strawberry Creme Sandwich Biscuit 120 gm,BICPROORE00000008,31/03/21,V2VZ01SR001-0001,In,0,0,0,0
32154,Dabur Red Paste 100gm Toothpaste,HPCHPCDRE00000002,31/03/21,V2VZ01SR001-0001,In,0,0,0,0
32154,Cadbury Oreo Choco Creme Biscuit Family Pack 300 gm,BICPROORE00000010,31/03/21,V2VZ01SR001-0001,In,0,0,0,0
32154,Cadbury Oreo Dipped Cookie 150 gm,CHOBNCORE00000001,31/03/21,V2VZ01SR001-0001,In,0,0,0,0
32154,Cadbury Bournvita Banana Oats Biscuits 46 gm,BICPROBON00000005,31/03/21,V2VZ01SR001-0001,In,0,0,0,0
32154,Cadbury Bournvita Banana Oats Biscuits 120 gm,BICPROBON00000006,31/03/21,V2VZ01SR001-0001,In,0,0,0,0
32154,Cadbury Chocobakes Choc Filled Cookies 75 gm,BICPROCAD00000001,31/03/21,V2VZ01SR001-0001,In,0,0,0,0
32154,Cadbury Chocobakes Choc Filled Cookies 150 gm,BICPROCAD00000002,31/03/21,V2VZ01SR001-0001,In,0,0,0,0
32154,Tang Orange Instant Drink Mix Pouch 750 gm,CHOBNCTNG00000001,31/03/21,V2VZ01SR001-0001,In,45,0,0,0
32154,"Parle Mexitos Salsa Tomatino, 70 gm",CNPSNKPAR00000001,31/03/21,V2VZ01SR001-0001,In,0,0,0,0
32154,Tang Mosambi Instant Drink Mix 500 gm,CHOBNCTNG00000002,31/03/21,V2VZ01SR001-0001,In,51,3,0,0
32154,Tang Mango Instant Drink Mix 750 gm,CHOBNCTNG00000003,31/03/21,V2VZ01SR001-0001,In,0,0,0,0
32154,Cadbury Dairy Milk Chocolate Bar 24 gm Pack of 40,CHOBNCCDM00000016,31/03/21,V2VZ01SR001-0001,In,0,0,0,0
32154,Cadbury 5 Star Chocolate Bar 40 gm  Pack of 28,CHOBNCFIV00000006,31/03/21,V2VZ01SR001-0001,In,0,0,0,0
32154,"Parle Mexitos Classic Salted, 70 gm",CNPSNKPAR00000002,31/03/21,V2VZ01SR001-0001,In,0,0,0,0
32154,Cadbury Bournvita Chocolate Health Drink Pouch 750 gm,HEDBNCBON00000006,31/03/21,V2VZ01SR001-0001,In,0,0,0,0
32154,Cadbury Dairy Milk Silk Fruit & Nut Chocolate Bar 55 gm,CHCCNFCDM00000008,31/03/21,V2VZ01SR001-0001,In,0,10,0,0
32154,Cadbury Dairy Milk Silk Fruit & Nut Chocolate Bar 137 gm,CHOBNCCDM00000017,31/03/21,V2VZ01SR001-0001,In,0,1,0,0
32154,Cadbury Dairy Milk Silk Fruit & Nut Chocolate Bar 55 gm,CHOBNCCDM00000022,31/03/21,V2VZ01SR001-0001,In,0,7,0,0
32154,Cadbury Dairy Milk Silk Fruit & Nut Chocolate Bar 137 gm,CHOBNCCDM00000023,31/03/21,V2VZ01SR001-0001,In,0,14,0,0
32154,Cadbury Dairy Milk Silk Oreo Chocolate 60 gm,BNCBNCCDM00000010,31/03/21,V2VZ01SR001-0001,In,2,30,0,0
32154,Cadbury Dairy Milk Silk - Hazelnut Chocolate Bar 58 g,CHOBNCCDM00000018,31/03/21,V2VZ01SR001-0001,In,0,2,0,0
32154,Yippee Magic Masala Noodle 32gm (MRP 5),NDPPROYIP00000019,31/03/21,V2VZ01SR001-0001,In,0,1,0,0
32154,Cadbury Oreo Biscuit Vanilla 50 gm,BICPROORE00000011,31/03/21,V2VZ01SR001-0001,In,0,0,0,0
32154,"Patanjali Doodh Biscuit , 50 Gm",BICPROPAT00000006,31/03/21,V2VZ01SR001-0001,In,0,0,0,0
32154,"Patanjali Marie Biscuit , 250 GM",BICPROPAT00000007,31/03/21,V2VZ01SR001-0001,In,0,0,0,0
32154,"Emami Navrattan Oil , 50 ML",HROHAREMA00000001,31/03/21,V2VZ01SR001-0001,In,5,0,0,0
32154,"Nova Ghee Tetra, 1 Ltr best before 01Nov",OGCSNGNOV00000001,31/03/21,V2VZ01SR001-0001,In,0,0,0,0
32154,"Nova Ghee Jar, 1 Ltr best before 01Nov",OGCSNGNOV00000002,31/03/21,V2VZ01SR001-0001,In,0,1,0,0
32154,"Nova Ghee Jar, 500 ml best before 01Nov",OGCSNGNOV00000003,31/03/21,V2VZ01SR001-0001,In,0,0,0,0
32154,"Dabur Amla Hair Oil, 50 ml",HROHARDAM00000007,31/03/21,V2VZ01SR001-0001,In,398,0,0,0
32154,Soft Waffles Chocolate 250g,BKDPROFNF00000005,31/03/21,V2VZ01SR001-0001,In,18,0,0,0
32154,Soft Waffles Cinnamon Sugar 250g,BKDPROFNF00000006,31/03/21,V2VZ01SR001-0001,In,8,0,0,0
32154,Soft Waffles Frosted Chocolate 250g,BKDPROFNF00000007,31/03/21,V2VZ01SR001-0001,In,0,0,0,0
32154,Soft Waffles Frosted Vanilla 250g,BKDPROFNF00000008,31/03/21,V2VZ01SR001-0001,In,0,0,0,0
32154,Soft Waffles Tutti Frutti 250g,BKDPROFNF00000009,31/03/21,V2VZ01SR001-0001,In,0,0,0,0
32154,Soft Waffles Vanilla 250g,BKDPROFNF00000010,31/03/21,V2VZ01SR001-0001,In,0,0,0,0
32154,Yippe Magic Masala 240 gm Puzzle Coaster Free,NDPPROYIP00000023,31/03/21,V2VZ01SR001-0001,In,0,0,0,0
32154,Parle 20-20 Cookeis Butter 100gm,BICPROPAR00000034,31/03/21,V2VZ01SR001-0001,In,0,0,0,0
32154,"Parle Krackjack Biscuit, 400 gm (MRP 60)",BICPROPAR00000036,31/03/21,V2VZ01SR001-0001,In,0,1,0,0
32154,"Pepsi Blue CAN, 250 ml",CBDBNCPSI00000003,31/03/21,V2VZ01SR001-0001,In,0,24,0,0
32154,"Mountain Dew Blue CAN, 250 ml",CBDBNCMDE00000003,31/03/21,V2VZ01SR001-0001,In,72,0,0,0
32154,Mountain Dew 250 ml pet,CBDBNCMDE00000004,31/03/21,V2VZ01SR001-0001,In,0,0,0,0
32154,"Mountain Dew, 300 ml (Single qty) MRP 20",CBDBNCMDE00000006,31/03/21,V2VZ01SR001-0001,In,0,0,0,0
32154,"Dettol Disinfectant Liquid, Menthol Cool, 200 ml",HEAHEADET00000022,31/03/21,V2VZ01SR001-0001,In,0,0,0,0
32154,Pepsi 250 ml pet,CBDBNCPSI00000004,31/03/21,V2VZ01SR001-0001,In,0,1,0,0
32154,Mirinda 250 ml pet,CBDBNCMIR00000003,31/03/21,V2VZ01SR001-0001,In,0,0,0,0
32154,"Bio Oil, 60 mL",BCGBDCBIO00000001,31/03/21,V2VZ01SR001-0001,In,0,0,0,0
32154,"Fortune Soya Tin, 15 ltr",GRSGRSFOR00000019,31/03/21,V2VZ01SR001-0001,In,0,0,0,0
32154,"Fortune Refined SoyaBean Oil TIN, 15 Ltr",CKOOGCFOR00000001,31/03/21,V2VZ01SR001-0001,In,0,0,0,0
32154,"Parle Cake Rusk, 120 gm",BKCBFDPAR00000001,31/03/21,V2VZ01SR001-0001,In,0,0,0,0
32154,"Parle Mexitos Jalapeno, 70 gm",CNPSNKPAR00000003,31/03/21,V2VZ01SR001-0001,In,0,0,0,0
32154,Apis Fruitilicious Pineapple Jam (Buy 1 Get 1 Free),PKPPROAPI00000032,31/03/21,V2VZ01SR001-0001,In,0,0,0,0
32154,Apis Fruitilicious Mango Jam (Buy 1 Get 1 Free),PKPPROAPI00000033,31/03/21,V2VZ01SR001-0001,In,0,0,0,0
32154,"JohnsonS Baby Hair Oil, 100 ml",BBOBGMJNJ00000011,31/03/21,V2VZ01SR001-0001,In,144,0,0,0
32154,Stayfree Ultra Drymax XL 7N,SCAWHGSTF00000010,31/03/21,V2VZ01SR001-0001,In,17,0,0,0
32154,Himalaya Baby Massage Oil 50 ml,BBOBGMHIM00000002,31/03/21,V2VZ01SR001-0001,In,55,0,0,0
32154,Himalaya Diaper Rash Cream 50 Gm,BGMHPCHIM00000007,31/03/21,V2VZ01SR001-0001,In,4,0,0,0
32154,"Parle Mexitos Cheese, 70 gm",CNPSNKPAR00000008,31/03/21,V2VZ01SR001-0001,In,0,0,0,0
32154,Airwick Scents of India Aerosol Lavender 245 ml,HOKHOKAIR00000006,31/03/21,V2VZ01SR001-0001,In,0,0,0,0
32154,Himalaya Kesar Face Pack 100 Gm,COSBDCHIM00000004,31/03/21,V2VZ01SR001-0001,In,0,0,0,0
32154,Airwick Scents of India Aerosol Lemon 245 ml,HOKHOKAIR00000007,31/03/21,V2VZ01SR001-0001,In,0,0,0,0
32154,Lizol Floor Cleaner Neem- 2 Ltr+ 500 Ml Free,LBCLQCLIZ00000009,31/03/21,V2VZ01SR001-0001,In,0,0,0,0
32154,Patanjali DANT KANTI Natural T.P 200 gm (Buy1 toothpaste 200 gm& get 20gm toothpaste),THBDCRPAT00000001,31/03/21,V2VZ01SR001-0001,In,0,0,0,0
32154,Himalaya Face Wash Clear Complexion 100Ml,HPCHPCHIM00000196,31/03/21,V2VZ01SR001-0001,In,0,0,0,0
32154,"TOO Yumm Multigrain Dahi Papdi Chaat, 14 gm",CNPSNKTOY00000001,31/03/21,V2VZ01SR001-0001,In,232,0,0,0
32154,Johnson's baby oil with vitamin E 100 ml,BBOBGMJNJ00000012,31/03/21,V2VZ01SR001-0001,In,96,0,0,0
32154,"TOO Yumm Veggie Stix Chilli Chataka, 14 gm",CNPSNKTOY00000002,31/03/21,V2VZ01SR001-0001,In,0,0,0,0
32154,Kiwi Instant Polish All Colour Leather 85 Ml,SGSSOCKIW00000003,31/03/21,V2VZ01SR001-0001,In,164,0,0,0
32154,"Too Yumm Karare Munchy Masala, 19 gm",CNPSNKTOY00000003,31/03/21,V2VZ01SR001-0001,In,0,0,0,0
32154,Nestle Cerelac Rice Vegetables 300 Gm,BBFINFCER00000007,31/03/21,V2VZ01SR001-0001,In,0,0,0,0
32154,Nestle Cerelac Rice Vegetables 300 Gm,BBFINFCER00000008,31/03/21,V2VZ01SR001-0001,In,51,0,0,0
32154,"Too Yumm Karare Noodle Masala, 19 gm",CNPSNKTOY00000004,31/03/21,V2VZ01SR001-0001,In,0,0,0,0
32154,Nestle Nan Pro 4 400 G,IFDPRONPR00000003,31/03/21,V2VZ01SR001-0001,In,1,0,0,0
32154,"TOO Yumm Veggie Stix Sour Cream and Onion, 14 gm",CNPSNKTOY00000005,31/03/21,V2VZ01SR001-0001,In,5,0,0,0
32154,"TOO Yumm Multigrain Chinese Hot & Sour, 14 gm",CNPSNKTOY00000006,31/03/21,V2VZ01SR001-0001,In,0,0,0,0
32154,"Himalaya Gentle Baby Shampoo, 100 ml",HPCHPCHIM00000001,31/03/21,V2VZ01SR001-0001,In,0,0,0,0
32154,"Himalaya Gentle Baby Shampoo, 100 ml",BSPBGMHIM00000001,31/03/21,V2VZ01SR001-0001,In,0,0,0,0
32154,"Himalaya Baby Lotion, 100 ml",HPCHPCHIM00000002,31/03/21,V2VZ01SR001-0001,In,0,0,0,0
32154,"Himalaya Baby Lotion, 100 ml",BBLBGMHIM00000001,31/03/21,V2VZ01SR001-0001,In,85,0,0,0
32154,"Himalaya Baby Cream, 100 ml",HPCHPCHIM00000003,31/03/21,V2VZ01SR001-0001,In,0,0,0,0
32154,"Himalaya Baby Cream, 100 ml",BGMHPCHIM00000002,31/03/21,V2VZ01SR001-0001,In,33,0,0,0
32154,"Himalaya Baby Massage oil, 100 ml",HPCHPCHIM00000004,31/03/21,V2VZ01SR001-0001,In,0,0,0,0
32154,"Himalaya Baby Massage oil, 100 ml",BBOBGMHIM00000001,31/03/21,V2VZ01SR001-0001,In,46,0,0,0
32154,"Himalaya Gentle Baby Soap, 75 gm",HPCHPCHIM00000005,31/03/21,V2VZ01SR001-0001,In,0,0,0,0
32154,"Himalaya Gentle Baby Soap, 75 gm",BSOBGMHIM00000002,31/03/21,V2VZ01SR001-0001,In,42,0,0,0
32154,Lux Soft Touch Soap 56 Gm,BTSBDCLUX00000016,31/03/21,V2VZ01SR001-0001,In,0,0,0,0
32154,BAND-AID Flexi 10's (Regular),HEAHEABND00000001,31/03/21,V2VZ01SR001-0001,In,238,0,0,0
32154,"Himalaya Baby Cream, 50 ml",HPCHPCHIM00000006,31/03/21,V2VZ01SR001-0001,In,0,0,0,0
32154,"Himalaya Baby Cream, 50 ml",BGMHPCHIM00000001,31/03/21,V2VZ01SR001-0001,In,29,0,0,0
32154,"Himalaya Baby Powder, 100 gm",HPCHPCHIM00000007,31/03/21,V2VZ01SR001-0001,In,0,0,0,0
32154,Himalaya Baby Powder 100 gm,BBPBGMHIM00000001,31/03/21,V2VZ01SR001-0001,In,0,0,0,0
32154,"Himalaya Extra Moisturizing Baby Soap, 75 gm",HPCHPCHIM00000008,31/03/21,V2VZ01SR001-0001,In,0,0,0,0
32154,"Himalaya Extra Moisturizing Baby Soap, 75 gm",BSOBGMHIM00000001,31/03/21,V2VZ01SR001-0001,In,1,0,0,0
32154,"Himalaya Refreshing Baby Soap, 75 gm",HPCHPCHIM00000013,31/03/21,V2VZ01SR001-0001,In,0,0,0,0
32154,"Himalaya Refreshing Baby Soap, 75 gm",BSOBGMHIM00000003,31/03/21,V2VZ01SR001-0001,In,13,0,0,0
32154,"Himalaya Baby Powder, 200 gm",HPCHPCHIM00000014,31/03/21,V2VZ01SR001-0001,In,0,0,0,0
32154,Park Avenue Alexander For Men Body Fragrance 150 ml,PREPREPAR00000006,31/03/21,V2VZ01SR001-0001,In,0,0,0,0
32154,"Himalaya Baby Powder, 200 gm",BBPBGMHIM00000002,31/03/21,V2VZ01SR001-0001,In,0,0,0,0
32154,Park Avenue Epic Spray For Men 125 gm,PREPREPAR00000010,31/03/21,V2VZ01SR001-0001,In,40,0,0,0
32154,Park Avenue Original Collection Intense Body Spray 150 ml,PREPREPAR00000016,31/03/21,V2VZ01SR001-0001,In,16,0,0,0
32154,Pediasure Kesar Badam 200 gm,BVRBVRPED00000001,31/03/21,V2VZ01SR001-0001,In,32,0,0,0
32154,"PERK, 28gm",BEVBEVPER00000002,31/03/21,V2VZ01SR001-0001,In,0,0,0,0
32154,BAND-AID Wash Proof 10's (Regular),HEAHEABND00000002,31/03/21,V2VZ01SR001-0001,In,616,0,0,0
32154,"Himalaya Gentle Baby wipes, 24 wipes",HPCHPCHIM00000018,31/03/21,V2VZ01SR001-0001,In,7,0,0,0
32154,"Himalaya Gentle Baby wipes, 12 wipes",HPCHPCHIM00000023,31/03/21,V2VZ01SR001-0001,In,12,0,0,0
32154,Surf Excel Matic Liquid Top Load 500 ml,HNKHNKSRF00000003,31/03/21,V2VZ01SR001-0001,In,2,0,0,0
32154,Stayfree Drymax 8s Sunshine,HEAHEASTF00000001,31/03/21,V2VZ01SR001-0001,In,0,0,0,0
32154,Vim Lemons Bar 300 gm,HNKHNKVIV00000002,31/03/21,V2VZ01SR001-0001,In,0,0,0,0
32154,"Himalaya Baby Powder Free Refreshing Baby Soap, (200g + 75g)",HPCHPCHIM00000027,31/03/21,V2VZ01SR001-0001,In,1,0,0,0
32154,Stayfree Secure Cottony 20's (Simplicity),PCRPCRSTF00000001,31/03/21,V2VZ01SR001-0001,In,0,0,0,0
32154,Stayfree Secure Cottony 20s,WHGHCRSTF00000004,31/03/21,V2VZ01SR001-0001,In,0,0,0,0
32154,"Stayfree Secure cottony Extra Large , 20 s",PREPRESTF00000002,31/03/21,V2VZ01SR001-0001,In,120,0,0,0
32154,"Stayfree secure cottony ,soft cover Regular , 20S",WHGHPCSTF00000001,31/03/21,V2VZ01SR001-0001,In,150,0,0,0
32154,"Himalaya Acne n Pimple Cream, 20 gm",HPCHPCHIM00000042,31/03/21,V2VZ01SR001-0001,In,152,0,0,0
32154,"Himalaya Antiseptic Cream, 20 gm",HPCHPCHIM00000043,31/03/21,V2VZ01SR001-0001,In,0,0,0,0
32154,"Himalaya Foot Care Cream, 20 gm",HPCHPCHIM00000045,31/03/21,V2VZ01SR001-0001,In,303,0,0,0
32154,Stayfree Secure Cottony 7's,PCRPCRSTF00000002,31/03/21,V2VZ01SR001-0001,In,0,0,0,0
32154,"Himalaya Cold Balm, 10 gm",HPCHPCHIM00000046,31/03/21,V2VZ01SR001-0001,In,1,0,0,0
32154,Fair & Lovely Mens Face Wash 50G,PREPREFAL00000002,31/03/21,V2VZ01SR001-0001,In,0,0,0,0
32154,"Himalaya Pain Balm Strong, 10 gm",HPCHPCHIM00000047,31/03/21,V2VZ01SR001-0001,In,0,0,0,0
32154,Stayfree Secure Cottony Wings 7s,WHGHCRSTF00000001,31/03/21,V2VZ01SR001-0001,In,0,0,0,0
32154,"Himalaya Purifying Neem Face wash, 15 ml",HPCHPCHIM00000048,31/03/21,V2VZ01SR001-0001,In,0,0,0,0
32154,"Himalaya Purifying Neem Face wash, 15 ml Hanger Pack (11+1)",HPCHPCHIM00000050,31/03/21,V2VZ01SR001-0001,In,1083,0,0,0
32154,"Himalaya Purifying Neem Face wash, 15 ml (JAR Pack) (Buy 11 Get 1)",HFWBDCHIM00000004,31/03/21,V2VZ01SR001-0001,In,0,0,0,0
32154,"Himalaya Lip Balm, 10 gm (24)",HPCHPCHIM00000051,31/03/21,V2VZ01SR001-0001,In,0,0,0,0
32154,"Himalaya Lip Balm, 10 gm",BDCHPCHIM00000002,31/03/21,V2VZ01SR001-0001,In,65,0,0,0
32154,"Himalaya Purifying Neem FW, 100 ml",HPCHPCHIM00000052,31/03/21,V2VZ01SR001-0001,In,0,0,0,0
32154,"Himalaya Minikajal Blister Pack, 1 gm",HPCHPCHIM00000054,31/03/21,V2VZ01SR001-0001,In,0,0,0,0
32154,"Himalaya Purifying Neem pack, 16 gm",HPCHPCHIM00000055,31/03/21,V2VZ01SR001-0001,In,450,0,0,0
32154,Stayfree Secure Dry Wings 7s,PCRPCRSTF00000003,31/03/21,V2VZ01SR001-0001,In,0,0,0,0
32154,"Himalaya Natural Glow Kesar Face cream, 25 gm",HPCHPCHIM00000056,31/03/21,V2VZ01SR001-0001,In,272,0,0,0
32154,Cerelac Wheat Rice Mixed Veg 300 G,PROPROCER00000012,31/03/21,V2VZ01SR001-0001,In,64,0,0,0
32154,"Stayfree secure cottony ,soft cover Regular , 7 S",SCAWHGSTF00000006,31/03/21,V2VZ01SR001-0001,In,153,0,0,0
32154,"Himalaya Neem & Turmeric Soap, 75 gm",HPCHPCHIM00000058,31/03/21,V2VZ01SR001-0001,In,0,0,0,0
32154,"Himalaya Purifying Neem Scrub, 12 gm",HPCHPCHIM00000059,31/03/21,V2VZ01SR001-0001,In,134,0,0,0
32154,"Himalaya Moisturizing Aloe Vera FW, 50 ml",HPCHPCHIM00000060,31/03/21,V2VZ01SR001-0001,In,0,0,0,0
32154,"Himalaya Complete care Toothpaste, 40 gm",HPCHPCHIM00000061,31/03/21,V2VZ01SR001-0001,In,809,0,0,0
32154,"Himalaya Complete care Toothpaste, 40 gm( Buy 5 Get 1 Free)",THPDCRHIM00000001,31/03/21,V2VZ01SR001-0001,In,265,0,0,0
32154,"Himalaya Neem & Turmeric Soap, 125 gm",HPCHPCHIM00000063,31/03/21,V2VZ01SR001-0001,In,102,0,0,0
32154,Colgate Zig Zag Charcoal Toothbrush,PREPRECOL00000015,31/03/21,V2VZ01SR001-0001,In,213,0,0,0
32154,"Himalaya Cucumber & Coconut Soap, 75 gm",HPCHPCHIM00000064,31/03/21,V2VZ01SR001-0001,In,204,0,0,0
32154,"Himalaya Nourshing skin crem, 50 ml",HPCHPCHIM00000065,31/03/21,V2VZ01SR001-0001,In,59,0,0,0
32154,Closeup Red Hot Active Gel Toothpaste 50 GM,THPDCRCLP00000005,31/03/21,V2VZ01SR001-0001,In,0,0,0,0
32154,Stayfree Secure Dry XL Wings 6's,PCRPCRSTF00000004,31/03/21,V2VZ01SR001-0001,In,0,0,0,0
32154,"Himalaya Anti Dandruff Shampoo, 100 ml",HPCHPCHIM00000067,31/03/21,V2VZ01SR001-0001,In,0,0,0,0
32154,Stayfree Secure Dry XL wings 6 s,SCAWHGSTF00000001,31/03/21,V2VZ01SR001-0001,In,0,0,0,0
32154,Paper Boat Aamras Juice 150 ml,JUIBEVPAP00000001,31/03/21,V2VZ01SR001-0001,In,0,0,0,0
32154,Paper Boat Chilli guava Juice 150 ml,JUIBEVPAP00000002,31/03/21,V2VZ01SR001-0001,In,60,0,0,0
32154,"Himalaya Anti Dandruff Shampoo, 100 ml",SHMHARHIM00000003,31/03/21,V2VZ01SR001-0001,In,102,0,0,0
32154,Paper Boat Mixed Fruit Juice 150 ml,JUIBEVPAP00000003,31/03/21,V2VZ01SR001-0001,In,22,0,0,0
32154,Paper Boat Apple Juice 150 ml,JUIBEVPAP00000004,31/03/21,V2VZ01SR001-0001,In,77,0,0,0
32154,Paper Boat Orange Juice 150 ml,JUIBEVPAP00000005,31/03/21,V2VZ01SR001-0001,In,15,0,0,0
32154,Paper Boat Aam panna 150 ml,JUIBEVPAP00000006,31/03/21,V2VZ01SR001-0001,In,70,0,0,0
32154,Paper Boat Litchi 150 ml,JUIBEVPAP00000007,31/03/21,V2VZ01SR001-0001,In,0,0,0,0
32154,Paper Boat Alphonso 150 ml,JUIBEVPAP00000008,31/03/21,V2VZ01SR001-0001,In,100,0,0,0
32154,Paper Boat Jaljeera  150 ml,JUIBEVPAP00000009,31/03/21,V2VZ01SR001-0001,In,220,0,0,0
32154,Paper Boat Pomegranate  150 ml,JUIBEVPAP00000010,31/03/21,V2VZ01SR001-0001,In,30,0,0,0
32154,"Himalaya Hair Fall Shampoo, 100 ml",HPCHPCHIM00000068,31/03/21,V2VZ01SR001-0001,In,47,0,0,0
32154,Paper Boat Coconut water 200 ml,JUIBEVPAP00000011,31/03/21,V2VZ01SR001-0001,In,4,0,0,0
32154,Paper Boat Orange 1000 ml,JUIBEVPAP00000012,31/03/21,V2VZ01SR001-0001,In,12,0,0,0
32154,"Himalaya Hair Fall Shampoo, 100 ml",SHMHARHIM00000004,31/03/21,V2VZ01SR001-0001,In,28,0,0,0
32154,Paper Boat Gauava 1000 ml,JUIBEVPAP00000013,31/03/21,V2VZ01SR001-0001,In,47,0,0,0
32154,Paper Boat Mixed Fruit 1000 ml,JUIBEVPAP00000014,31/03/21,V2VZ01SR001-0001,In,60,0,0,0
32154,Paper Boat Apple 1000 ml,JUIBEVPAP00000015,31/03/21,V2VZ01SR001-0001,In,12,0,0,0
32154,Paper Boat Litchi 1000 ml,JUIBEVPAP00000016,31/03/21,V2VZ01SR001-0001,In,9,0,0,0
32154,Paper Boat Alphonso 1000 ml,JUIBEVPAP00000017,31/03/21,V2VZ01SR001-0001,In,24,0,0,0
32154,Paper Boat Aamras 1000 ml,JUIBEVPAP00000018,31/03/21,V2VZ01SR001-0001,In,119,0,0,0
32154,Paper Boat Anar 1000 ml,JUIBEVPAP00000019,31/03/21,V2VZ01SR001-0001,In,9,0,0,0
32154,Paper Boat Sweet Lassi 180 ml,JUIBEVPAP00000020,31/03/21,V2VZ01SR001-0001,In,0,0,0,0
32154,"Himalaya Almond & Rose Soap, 75 gm",HPCHPCHIM00000069,31/03/21,V2VZ01SR001-0001,In,154,0,0,0
32154,Paper Boat Mango Lassi 180 ml,JUIBEVPAP00000021,31/03/21,V2VZ01SR001-0001,In,0,0,0,0
32154,Paper Boat Butter Milk Vitamin-D 200 ml,JUIBEVPAP00000022,31/03/21,V2VZ01SR001-0001,In,0,0,0,0
32154,Paper Boat Chocolate Milkshake 180 ml,JUIBEVPAP00000023,31/03/21,V2VZ01SR001-0001,In,0,0,0,0
32154,Paper Boat Vanilla Milkshake 180 ml,JUIBEVPAP00000024,31/03/21,V2VZ01SR001-0001,In,0,0,0,0
32154,Paper Boat Strawberry Milkshake 180 ml,JUIBEVPAP00000025,31/03/21,V2VZ01SR001-0001,In,0,0,0,0
32154,Paper Boat Thandai 180 ml,JUIBEVPAP00000026,31/03/21,V2VZ01SR001-0001,In,36,0,0,0
32154,Paper Boat Pudina Vitamin-D Butter Milk 250 ml,JUIBEVPAP00000027,31/03/21,V2VZ01SR001-0001,In,132,0,0,0
32154,Paper Boat Coriander Vitamin-D Butter Milk 250 ml,JUIBEVPAP00000028,31/03/21,V2VZ01SR001-0001,In,72,0,0,0
32154,Paper Boat Jeera Vitamin-D Butter Milk 250 ml,JUIBEVPAP00000029,31/03/21,V2VZ01SR001-0001,In,55,0,0,0
32154,"Himalaya Purifying Neem Face Wash, 150 ml",HPCHPCHIM00000071,31/03/21,V2VZ01SR001-0001,In,0,0,0,0
32154,"Himalaya Purifying Neem Face Wash, 150 ml + CC Toothpaste free 80 gm",HFWBDCHIM00000003,31/03/21,V2VZ01SR001-0001,In,0,0,0,0
32154,Stayfree Secure Dry XL Wings 7's (Simplicity),PCRPCRSTF00000005,31/03/21,V2VZ01SR001-0001,In,0,0,0,0
32154,Stayfree Secure Dry XL Wings 7's (Simplicity),SCAWHGSTF00000005,31/03/21,V2VZ01SR001-0001,In,0,0,0,0
32154,"Himalaya Sparwhite Toothpaste, 40 gm",HPCHPCHIM00000080,31/03/21,V2VZ01SR001-0001,In,0,0,0,0
32154,"Himalaya Purifying Neem Face wash, 50 ml",HPCHPCHIM00000081,31/03/21,V2VZ01SR001-0001,In,0,0,0,0
32154,Stayfree Secure Dry XL Wings 7'S Upgrade,PCRPCRSTF00000011,31/03/21,V2VZ01SR001-0001,In,0,0,0,0
32154,"Himalaya Moisturizing Aloe Vera Face wash, 100 ml",HPCHPCHIM00000088,31/03/21,V2VZ01SR001-0001,In,0,0,0,0
32154,"Dettol Instant Hand Sanitizer Floral, 50 ml",HPCHPCDET00000002,31/03/21,V2VZ01SR001-0001,In,0,0,0,0
32154,"Dettol Instant Hand Sanitizer Floral , 50 ML",HFWBDCDET00000002,31/03/21,V2VZ01SR001-0001,In,0,0,0,0
32154,"Snickers Chocolate Bar, 15 gm",BEVBEVMAR00000002,31/03/21,V2VZ01SR001-0001,In,0,0,0,0
32154,"Snickers Almonds Chocolates, 14 gm",BEVBEVMAR00000003,31/03/21,V2VZ01SR001-0001,In,0,0,0,0
32154,"Bounty Chocolate Bar, 28.5 gm",BEVBEVBOU00000001,31/03/21,V2VZ01SR001-0001,In,0,0,0,0
32154,"Skittles Original Fruits Pouch, 9g ",BEVBEVSKT00000001,31/03/21,V2VZ01SR001-0001,In,0,0,0,0
32154,"Skittles Wild Berry Pouch, 9g ",BEVBEVSKT00000002,31/03/21,V2VZ01SR001-0001,In,0,0,0,0
32154,Stayfree Secure Ultra 10's,PCRPCRSTF00000007,31/03/21,V2VZ01SR001-0001,In,0,0,0,0
32154,"Doublemint Paanmint Flavoured, 4.8 gm",BEVBEVWRI00000002,31/03/21,V2VZ01SR001-0001,In,120,0,0,0
32154,Doublemint Peppermint Thinmints 4.4gm,MCGBNCWRI00000002,31/03/21,V2VZ01SR001-0001,In,0,0,0,0
32154,"Snickers Medley Assorted Chocolate Gift Pack,  102.6 gm",BEVBEVMAR00000004,31/03/21,V2VZ01SR001-0001,In,0,0,0,0
32154,Stayfree Secure Ultra 10's,WHGHPCSTF00000002,31/03/21,V2VZ01SR001-0001,In,758,0,0,0
32154,Veet Hair Removal Cream for Dry Skin - 32g,HPCHPCVET00000001,31/03/21,V2VZ01SR001-0001,In,260,0,0,0
32154,Veet Hair Removal Cream for Sensitive Skin - 32g,HPCHPCVET00000002,31/03/21,V2VZ01SR001-0001,In,187,0,0,0
32154,Veet Hair Removal Cream for Normal Skin - 32g,HPCHPCVET00000004,31/03/21,V2VZ01SR001-0001,In,0,0,0,0
32154,"Colgate Super flexi Charcoal Medium Tooth Brush, 10 + 2",THBDCRCOL00000023,31/03/21,V2VZ01SR001-0001,In,1183,0,0,0
32154,Ghadi Machine Wash 500Gm,HNKHNKGHD00000001,31/03/21,V2VZ01SR001-0001,In,91,0,0,0
32154,Stayfree Secure Ultra 6's,PCRPCRSTF00000008,31/03/21,V2VZ01SR001-0001,In,0,0,0,0
32154,Stayfree Secure XL Ultra  Wings 6s,WHGHCRSTF00000002,31/03/21,V2VZ01SR001-0001,In,0,0,0,0
32154,"Set Wet Go Icy Perfume Spray, 20 ml",HNKHNKSWT00000002,31/03/21,V2VZ01SR001-0001,In,14,0,0,0
32154,"Set Wet Go Aqua Perfume Spray, 20 ml",HNKHNKSWT00000003,31/03/21,V2VZ01SR001-0001,In,0,2,0,0
32154,"Bournvita Pouch, 14.4gm",BEVBEVBON00000001,31/03/21,V2VZ01SR001-0001,In,0,0,0,0
32154,Stayfree Secure XL Wings 6's,PCRPCRSTF00000009,31/03/21,V2VZ01SR001-0001,In,0,0,0,0
32154,"Livon Hair Serum Sachet, 2.5 ml",HNKHNKLIV00000001,31/03/21,V2VZ01SR001-0001,In,192,0,0,0
32154,"Parachute Coconut Oil, 25 ml",HNKHNKPAR00000002,31/03/21,V2VZ01SR001-0001,In,2,0,0,0
32154,Stayfree Secure XL Wings 6s,WHGHCRSTF00000003,31/03/21,V2VZ01SR001-0001,In,0,0,0,0
32154,Tang Mango 500 gm,BEVBEVTNG00000007,31/03/21,V2VZ01SR001-0001,In,0,0,0,0
32154,Stayfree Secure Cottony Extra Lagre 6N,SCAWHGSTF00000008,31/03/21,V2VZ01SR001-0001,In,222,0,0,0
32154,Tang Mango 100 gm,BEVBEVTNG00000008,31/03/21,V2VZ01SR001-0001,In,1,0,0,0
32154,Britannia Bourbon cream (mrp 28),BICSNKBRI00000001,31/03/21,V2VZ01SR001-0001,In,0,0,0,0
32154,Park Avenue Body Spray Marcus 150Ml,HPCHPCPAR00000007,31/03/21,V2VZ01SR001-0001,In,48,0,0,0
32154,Britannia Bourbon Cream Biscuit 150 Gm,PROPROBRI00000018,31/03/21,V2VZ01SR001-0001,In,0,0,0,0
32154,Park Avenue Cool Blue Soap 125Gm,HPCHPCPAR00000009,31/03/21,V2VZ01SR001-0001,In,211,0,0,0
32154,Park Avenue Eternity Good Morning Perfume 50Ml,HPCHPCPAR00000010,31/03/21,V2VZ01SR001-0001,In,24,0,0,0
32154,Park Avenue Good Morning Wake Up Spray 250Ml,HPCHPCPAR00000012,31/03/21,V2VZ01SR001-0001,In,59,0,0,0
32154,Park Avenue Icon Perfume With Aromatic Oils 150Ml,HPCHPCPAR00000015,31/03/21,V2VZ01SR001-0001,In,36,0,0,0
32154,Oreo chocolate cream biscuit (mrp 10),BICSNKORE00000001,31/03/21,V2VZ01SR001-0001,In,0,0,0,0
32154,Park Avenue Magnifico Perfume With Aeromatic Oils 150Ml,HPCHPCPAR00000017,31/03/21,V2VZ01SR001-0001,In,35,0,0,0
32154,Park Avenue Original Collection,HPCHPCPAR00000020,31/03/21,V2VZ01SR001-0001,In,55,0,0,0
32154,Park Avenue Regal Perfume With Aromatic Oils 150Ml,HPCHPCPAR00000021,31/03/21,V2VZ01SR001-0001,In,35,0,0,0
32154,"Madhusudan Pure Ghee Poly, 500 mL",GRSGRSMAD00000006,31/03/21,V2VZ01SR001-0001,In,0,0,0,0
32154,"Madhusudan Desi Ghee Poly Pack, 500 ml",OGCSNGMAD00000002,31/03/21,V2VZ01SR001-0001,In,0,0,0,0
32154,"Madhusudan Desi Ghee Poly pack , 500 ML",OGCSNGMAD00000006,31/03/21,V2VZ01SR001-0001,In,0,0,0,0
32154,"Madhusudan Pure Ghee Poly, 500 mL",OGCSNGMAD00000011,31/03/21,V2VZ01SR001-0001,In,0,0,0,0
32154,"Madhusudan Pure Ghee Poly, 500 mL",OGCSNGMAD00000017,31/03/21,V2VZ01SR001-0001,In,0,0,0,0
32154,"Madhusudan Pure Ghee Poly, 500 mL",OGCSNGMAD00000025,31/03/21,V2VZ01SR001-0001,In,10,1,0,0
32154,"Amul Ghee Tetra, 1 Ltr",GRSGRSAMU00000006,31/03/21,V2VZ01SR001-0001,In,0,0,0,0
32154,"Amul Ghee Tetra, 1 Ltr",SNGSNGAMU00000001,31/03/21,V2VZ01SR001-0001,In,0,0,0,0
32154,"Amul Ghee Tetra, 1 Ltr",OGCSNGAMU00000006,31/03/21,V2VZ01SR001-0001,In,0,0,0,0
32154,"Nenimemi Classic Butter Popcorn, 15 gm",PROPRONEM00000001,31/03/21,V2VZ01SR001-0001,In,0,0,0,0
32154,Stayfree Ultra Thin Advanced All Night 7's,PCRPCRSTF00000010,31/03/21,V2VZ01SR001-0001,In,0,0,0,0
32154,"Stayfree Advanced, All Night ultra comfort XL 7 pads",SCAWHGSTF00000014,31/03/21,V2VZ01SR001-0001,In,111,0,0,0
32154,"Nenimemi English Cheese Popcorn, 15 gm",PROPRONEM00000005,31/03/21,V2VZ01SR001-0001,In,0,0,0,0
32154,"Nenimemi Classic Butter Popcorn, 30 gm",PROPRONEM00000007,31/03/21,V2VZ01SR001-0001,In,0,0,0,0
32154,Unibic Chocoripple Cookies 100 Gm,BICPROUNI00000028,31/03/21,V2VZ01SR001-0001,In,1376,0,0,0
32154,Unibic Milk Cookies 100 Gm,BICPROUNI00000029,31/03/21,V2VZ01SR001-0001,In,0,2,0,0
32154,"Nenimemi Classic Butter Popcorn, 50 gm",PROPRONEM00000014,31/03/21,V2VZ01SR001-0001,In,0,0,0,0
32154,"Nenimemi Indo Spicy Popcorn, 50 gm",PROPRONEM00000015,31/03/21,V2VZ01SR001-0001,In,0,0,0,0
32154,"Nenimemi Classic Butter Popcorn, 65 gm",PROPRONEM00000016,31/03/21,V2VZ01SR001-0001,In,0,0,0,0
32154,"Nenimemi Indo Spicy Popcorn, 65 gm",PROPRONEM00000017,31/03/21,V2VZ01SR001-0001,In,0,0,0,0
32154,"Nenimemi Simply Salt Popcorn, 15 gm",PROPRONEM00000021,31/03/21,V2VZ01SR001-0001,In,0,0,0,0
32154,Mamy Poko Pants Standard Small 1pc,BBCBBCMPP00000002,31/03/21,V2VZ01SR001-0001,In,0,0,0,0
32154,"Nenimemi Lite Butter Popcorn, 30 gm",PROPRONEM00000024,31/03/21,V2VZ01SR001-0001,In,0,0,0,0
32154,"Nenimemi Momos Masala Popcorn, 30 gm",PROPRONEM00000025,31/03/21,V2VZ01SR001-0001,In,0,0,0,0
32154,"Nenimemi Simply Salt Popcorn, 30 gm",PROPRONEM00000026,31/03/21,V2VZ01SR001-0001,In,0,0,0,0
32154,"Nenimemi Cream & Onion Popcorn, 30 gm",PROPRONEM00000027,31/03/21,V2VZ01SR001-0001,In,0,0,0,0
32154,"Nenimemi Momos Masala Popcorn, 50 gm",PROPRONEM00000028,31/03/21,V2VZ01SR001-0001,In,0,0,0,0
32154,Kissan Fresh Tomato Ketchup 425 Gm,PROPROKIS00000001,31/03/21,V2VZ01SR001-0001,In,0,0,0,0
32154,"Nenimemi Simply Salt Popcorn, 50 gm",PROPRONEM00000029,31/03/21,V2VZ01SR001-0001,In,0,0,0,0
32154,"Nenimemi Cream & Onion Popcorn, 50 gm",PROPRONEM00000030,31/03/21,V2VZ01SR001-0001,In,0,0,0,0
32154,Clean & Clear Morning Face Wash 50 ml,HFWBDCCNC00000008,31/03/21,V2VZ01SR001-0001,In,22,0,0,0
32154,"Nenimemi Momos Masala Popcorn, 65 gm",PROPRONEM00000031,31/03/21,V2VZ01SR001-0001,In,0,0,0,0
32154,Johnson's baby cream 30 gm,BGMHPCJNJ00000010,31/03/21,V2VZ01SR001-0001,In,0,0,0,0
32154,Mamy Poko Pants Standard Medium 1 pc,BBCBBCMPP00000001,31/03/21,V2VZ01SR001-0001,In,0,0,0,0
32154,Johnsons Buds 75N,BGMHPCJNJ00000011,31/03/21,V2VZ01SR001-0001,In,96,0,0,0
32154,"Parle Marie Biscuit, 250 gm",PROPROPAR00000015,31/03/21,V2VZ01SR001-0001,In,250,2,0,0
32154,"Parle Grand Londonderry, 396 gm",PROPROPAR00000017,31/03/21,V2VZ01SR001-0001,In,0,0,0,0
32154,"Parle Happy Happy Cake Chocolate, 40 gm",PROPROPAR00000018,31/03/21,V2VZ01SR001-0001,In,0,0,0,0
32154,"Parle Happy Happy Cake Tutti Fruty, 40 gm",PROPROPAR00000019,31/03/21,V2VZ01SR001-0001,In,0,0,0,0
32154,"Parle Happy Happy Cake Vanilla, 40 gm",PROPROPAR00000020,31/03/21,V2VZ01SR001-0001,In,64,0,0,0
32154,"Parle Happy Happy Veg Cake Tutti Fruty, 40 gm",PROPROPAR00000022,31/03/21,V2VZ01SR001-0001,In,0,0,0,0
32154,"Parle Hide & Seek Chocolate, 350 gm",PROPROPAR00000023,31/03/21,V2VZ01SR001-0001,In,0,0,0,0
32154,"Paras Ghee Tetra, 1 ltr",GRSGRSPAS00000001,31/03/21,V2VZ01SR001-0001,In,0,0,0,0
32154,Parle H&S Cream Orange 100gm,BICPROPAR00000011,31/03/21,V2VZ01SR001-0001,In,456,0,0,0
32154,"Parle Kismi Elaichi, 245.5 gm",PROPROPAR00000025,31/03/21,V2VZ01SR001-0001,In,2,0,0,0
32154,"Paras Ghee Tetra, 1 Ltr",OGCSNGPAS00000002,31/03/21,V2VZ01SR001-0001,In,0,0,0,0
32154,"Paras Ghee Tetra, 1 Ltr",OGCSNGPAS00000004,31/03/21,V2VZ01SR001-0001,In,291,0,0,0
32154,"Parle Krackjack Butteer Masala, 50 gm",PROPROPAR00000027,31/03/21,V2VZ01SR001-0001,In,0,0,0,0
32154,Parachute Coconut Oil 175 Ml,SNGSNGPAR00000003,31/03/21,V2VZ01SR001-0001,In,0,0,0,0
32154,"Parle Mazelo Fjelly, 190 gm",PROPROPAR00000028,31/03/21,V2VZ01SR001-0001,In,0,0,0,0
32154,Maggi Imli Sauce Pichkoo 100 Gm,PROPROMAG00000005,31/03/21,V2VZ01SR001-0001,In,0,0,0,0
32154,Nestle Cerelac Wheat Rice Mixed Fruit 300 Gm,PROPROCER00000009,31/03/21,V2VZ01SR001-0001,In,0,0,0,0
32154,Nestle Cerelac Wheat Rice Mixed Fruit 300 Gm,PROPROCER00000013,31/03/21,V2VZ01SR001-0001,In,67,0,0,0
32154,"Parle Melody Choco, 195.5 gm",PROPROPAR00000029,31/03/21,V2VZ01SR001-0001,In,0,0,0,0
32154,"Parle Monaco Pizza, 120 gm",PROPROPAR00000030,31/03/21,V2VZ01SR001-0001,In,0,0,0,0
32154,Head & Shoulders Smooth & Silky 340 ml,HPCHPCHNS00000011,31/03/21,V2VZ01SR001-0001,In,0,0,0,0
32154,Park Avenue Beer Shampoo Shiny & Bouncy 180 Ml ,HPCHPCPAR00000028,31/03/21,V2VZ01SR001-0001,In,11,0,0,0
32154,"Parle Monaco, 150 gm",PROPROPAR00000031,31/03/21,V2VZ01SR001-0001,In,351,2,0,0
32154,"Parle Monaco, 200 Gm",BICPROPAR00000042,31/03/21,V2VZ01SR001-0001,In,158,0,0,0
32154,"Parle Nutricrunch Dig Marie, 200 gm",PROPROPAR00000032,31/03/21,V2VZ01SR001-0001,In,135,0,0,0
32154,"Parle Nutricrunch Lt Cracker, 250 gm",PROPROPAR00000033,31/03/21,V2VZ01SR001-0001,In,0,0,0,0
32154,"Rasoi Bhog Atta, 10 kg",GRSGRSRBG00000001,31/03/21,V2VZ01SR001-0001,In,0,0,0,0
32154,"Parle Orange Bite, 289 gm",PROPROPAR00000034,31/03/21,V2VZ01SR001-0001,In,0,0,0,0
32154,"Dettol Liquid Hand Wash Original, 900 ml",HFWBDCDET00000010,31/03/21,V2VZ01SR001-0001,In,0,0,0,0
32154,"Parle-G Gold, 1 kg",PROPROPAR00000036,31/03/21,V2VZ01SR001-0001,In,0,0,0,0
32154,"Parle-G Gold, 1 kg",BICPROPAR00000007,31/03/21,V2VZ01SR001-0001,In,0,0,0,0
32154,"Clinic Plus Strong & Long Shampoo with Conditioner Sachet, 11.5 ml",HPCHPCCLI00000002,31/03/21,V2VZ01SR001-0001,In,0,0,0,0
32154,"Dove Daily Shine Conditioner Sachet, 7 ml",HPCHPCDOV00000003,31/03/21,V2VZ01SR001-0001,In,2810,2,0,0
32154,"Dove Hair Fall Rescue Twin Sachet, 12 ml",HPCHPCDOV00000004,31/03/21,V2VZ01SR001-0001,In,14,0,0,0
32154,"Dove Hair Fall Rescue Conditioner Sachet, 7 ml",HPCHPCDOV00000005,31/03/21,V2VZ01SR001-0001,In,0,1,0,0
32154,Pepsodent Germicheck+25 Gm,HPCHPCPEP00000002,31/03/21,V2VZ01SR001-0001,In,0,0,0,0
32154,"Dove Intense Repair Conditioner Sachet, 7 ml",HPCHPCDOV00000006,31/03/21,V2VZ01SR001-0001,In,186,0,0,0
32154,"Dove Intense Repair Twin Sachet, 12 ml",HPCHPCDOV00000007,31/03/21,V2VZ01SR001-0001,In,0,0,0,0
32154,"Sunsilk Black Shine Conditioner Sachet, 7 ml",HPCHPCSUN00000001,31/03/21,V2VZ01SR001-0001,In,0,0,0,0
32154,Sunsilk Black Shine Conditioner 7.5 ML,HARHPCSUN00000001,31/03/21,V2VZ01SR001-0001,In,144,0,0,0
32154,"Rajdhani Sooji, 500 gm",GRSGRSRAJ00000001,31/03/21,V2VZ01SR001-0001,In,0,0,0,0
32154,"Maggi Magic masala, 6.2 gm",NDPRTCMAG00000001,31/03/21,V2VZ01SR001-0001,In,6,0,0,0
32154,"Rin Powder Bolt, 140 gm",DGTCNDRIN00000001,31/03/21,V2VZ01SR001-0001,In,74,4,0,0
32154,Head & Shoulders Anti Hair fall 180 ml,HPCHPCHNS00000001,31/03/21,V2VZ01SR001-0001,In,0,0,0,0
32154,Head & Shoulders Anti Hair fall 180 ml,SHMHARHNS00000014,31/03/21,V2VZ01SR001-0001,In,31,0,0,0
32154,Head & Shoulders Cool Menthol 180 ml,HPCHPCHNS00000002,31/03/21,V2VZ01SR001-0001,In,0,0,0,0
32154,Head & Shoulders Cool Menthol 200 ml,SHMHARHNS00000012,31/03/21,V2VZ01SR001-0001,In,0,0,0,0
32154,Head & Shoulders Cool Menthol 180 ml,SHMHARHNS00000015,31/03/21,V2VZ01SR001-0001,In,68,0,0,0
32154,Head & Shoulders Lemon Fresh 180 ml,HPCHPCHNS00000003,31/03/21,V2VZ01SR001-0001,In,0,0,0,0
32154,Head & Shoulders Lemon Fresh 180 ml,SHMHARHNS00000016,31/03/21,V2VZ01SR001-0001,In,20,0,0,0
32154,Head & Shoulders Smooth & Silky 180 ml,HPCHPCHNS00000004,31/03/21,V2VZ01SR001-0001,In,0,0,0,0
32154,Head & Shoulders Smooth & Silky 180 ml,SHMHARHNS00000017,31/03/21,V2VZ01SR001-0001,In,12,0,0,0
32154,Head & Shoulders Silky Black 180 ml,HPCHPCHNS00000005,31/03/21,V2VZ01SR001-0001,In,0,0,0,0
32154,Head & Shoulders Silky Black 200 ml,SHMHARHNS00000011,31/03/21,V2VZ01SR001-0001,In,1,0,0,0
32154,Head & Shoulders Anti Hair fall 72 ml,HPCHPCHNS00000006,31/03/21,V2VZ01SR001-0001,In,92,0,0,0
32154,Head & Shoulders Cool Menthol 72 ml,HPCHPCHNS00000007,31/03/21,V2VZ01SR001-0001,In,0,0,0,0
32154,Head & Shoulders Lemon Fresh 72 ml,HPCHPCHNS00000008,31/03/21,V2VZ01SR001-0001,In,15,0,0,0
32154,"Rajdhani besan, 500 gm",GRSGRSRAJ00000002,31/03/21,V2VZ01SR001-0001,In,0,0,0,0
32154,Head & Shoulders Smooth & Silky 72 ml,HPCHPCHNS00000009,31/03/21,V2VZ01SR001-0001,In,19,0,0,0
32154,Head & Shoulders Silky Black 72 ml,HPCHPCHNS00000010,31/03/21,V2VZ01SR001-0001,In,9,0,0,0
32154,Stayfree Ultra DryMax Wings XL 8 s,SCAWHGSTF00000011,31/03/21,V2VZ01SR001-0001,In,160,0,0,0
32154,"Stayfree Dry Max , Ultra DRY with wings , 8s",SCAWHGSTF00000012,31/03/21,V2VZ01SR001-0001,In,0,0,0,0
32154,"Paras Ghee Tetra, 500 ml",BRDBFDPAS00000001,31/03/21,V2VZ01SR001-0001,In,0,0,0,0
32154,Bru Instant Coffee Pouch 50 Gm,TNCBNCBRU00000010,31/03/21,V2VZ01SR001-0001,In,0,1,0,0
32154,Chik Hairfall Prevent Egg Shampoo 175 ml,SHMHARCHK00000001,31/03/21,V2VZ01SR001-0001,In,0,0,0,0
32154,Chik Jasmine Shampoo 80 ml,SHMHARCHK00000002,31/03/21,V2VZ01SR001-0001,In,0,0,0,0
32154,Chik Long & Healthy Jasmine Shampoo 175 ml,SHMHARCHK00000003,31/03/21,V2VZ01SR001-0001,In,0,0,0,0
32154,"Vamma 7 Basmati Rice Kinki, 25 Kg",GRSGRSIND00000010,31/03/21,V2VZ01SR001-0001,In,0,0,0,0
32154,Chik Shampoo Egg 80 ml,SHMHARCHK00000004,31/03/21,V2VZ01SR001-0001,In,0,0,0,0
32154,Chik Shampoo Black 80 ml,SHMHARCHK00000005,31/03/21,V2VZ01SR001-0001,In,0,0,0,0
32154,Chik Thick & Glossy Black Shampoo 175 ml,SHMHARCHK00000006,31/03/21,V2VZ01SR001-0001,In,0,0,0,0
32154,Spinz Deo Achiever 150 ml,DEOPCRSPI00000001,31/03/21,V2VZ01SR001-0001,In,13,0,0,0
32154,Spinz Deo Exotic 150 ml,DEOPCRSPI00000002,31/03/21,V2VZ01SR001-0001,In,14,0,0,0
32154,Spinz Deo Hi Flyer 150 ml,DEOPCRSPI00000004,31/03/21,V2VZ01SR001-0001,In,15,0,0,0
32154,Spinz Deo Livewire 150 ml,DEOPCRSPI00000005,31/03/21,V2VZ01SR001-0001,In,11,0,0,0
32154,"Galaxy Golden Sella Basmati Rice, 25 Kg",GRSGRSIND00000011,31/03/21,V2VZ01SR001-0001,In,0,0,0,0
32154,Spinz Deo Thrillseeker 150 ml,DEOPCRSPI00000006,31/03/21,V2VZ01SR001-0001,In,0,0,0,0
32154,Spinz Deo Enchante 150 ml,DEOPCRSPI00000008,31/03/21,V2VZ01SR001-0001,In,0,0,0,0
32154,Spinz Deo Trialblazer 150 ml,DEOPCRSPI00000009,31/03/21,V2VZ01SR001-0001,In,16,0,0,0
32154,Spinz Explorer Deodrant 150 ml,DEOPCRSPI00000010,31/03/21,V2VZ01SR001-0001,In,18,0,0,0
32154,Adidas Dynamic Pulse Deodorant Body Spray for Men 150 ml,DEOPCRADI00000001,31/03/21,V2VZ01SR001-0001,In,0,0,0,0
32154,Adidas Ice Dive Deodorant Body Spray for Men 150 ml,DEOPCRADI00000002,31/03/21,V2VZ01SR001-0001,In,0,0,0,0
32154,Adidas Pure Game Deodorant Body Spray for Men 150 ml,DEOPCRADI00000003,31/03/21,V2VZ01SR001-0001,In,0,0,0,0
32154,"Classic Golden Sella Basmati Rice, 25 Kg",GRSGRSDOC00000001,31/03/21,V2VZ01SR001-0001,In,24,0,0,0
32154,Adidas Team Force Deodorant Body Spray for Men 150 ml,DEOPCRADI00000004,31/03/21,V2VZ01SR001-0001,In,0,0,0,0
32154,AdidasVictory League Deodorant Body Spray for Men 150 ml,DEOPCRADI00000005,31/03/21,V2VZ01SR001-0001,In,0,0,0,0
32154,Indica Creme Hair Color Burgundy 40 ml,HCOPREIND00000001,31/03/21,V2VZ01SR001-0001,In,143,0,0,0
32154,Indica Creme Hair Color Natural Black 40 ml,HCOPREIND00000002,31/03/21,V2VZ01SR001-0001,In,142,0,0,0
32154,Indica Creme Hair Color Natural Brown 40 ml,HCOPREIND00000003,31/03/21,V2VZ01SR001-0001,In,138,0,0,0
32154,Indica Easy Mini Hair Color Burgundy 18 ml,HCOPREIND00000004,31/03/21,V2VZ01SR001-0001,In,144,0,0,0
32154,Indica Easy Mini Hair Color Dark Brown 18 ml,HCOPREIND00000005,31/03/21,V2VZ01SR001-0001,In,143,0,0,0
32154,Indica Easy Mini Hair Color Natural Black 18 ml,HCOPREIND00000006,31/03/21,V2VZ01SR001-0001,In,144,0,0,0
32154,Nyle Anti Dandruf Shampoo 90 ml,SHMHARNYL00000001,31/03/21,V2VZ01SR001-0001,In,0,0,0,0
32154,Nyle Anti Hairfall Shampoo 180 ml,SHMHARNYL00000002,31/03/21,V2VZ01SR001-0001,In,21,0,0,0
32154,"Parmal Basmati Rice No 3, 25 Kg",GRSGRSPAR00000017,31/03/21,V2VZ01SR001-0001,In,0,0,0,0
32154,Nyle Anti Hairfall Shampoo 90 ml,SHMHARNYL00000003,31/03/21,V2VZ01SR001-0001,In,57,0,0,0
32154,Nyle Damage Repair Shampoo 90 ml,SHMHARNYL00000004,31/03/21,V2VZ01SR001-0001,In,49,0,0,0
32154,Nyle Dryness Hydration Shampoo 180 ml,SHMHARNYL00000005,31/03/21,V2VZ01SR001-0001,In,0,0,0,0
32154,Nyle Dryness Hydration Shampoo 90 ml,SHMHARNYL00000006,31/03/21,V2VZ01SR001-0001,In,52,0,0,0
32154,Nyle Pollution Shield Shampoo 90 ml,SHMHARNYL00000007,31/03/21,V2VZ01SR001-0001,In,47,0,0,0
32154,Nyle Volume Enhance Shampoo 180 ml,SHMHARNYL00000008,31/03/21,V2VZ01SR001-0001,In,21,0,0,0
32154,Nyle Volume Enhance Shampoo 90 ml,SHMHARNYL00000009,31/03/21,V2VZ01SR001-0001,In,59,0,0,0
32154,Frooti Juice Primary Pack 150 ml pack of 40,BVRBVRFRO00000003,31/03/21,V2VZ01SR001-0001,In,0,0,0,0
32154,"Delhi Pasand  Masuri Steam Rice, 25 Kg",GRSGRSDLP00000001,31/03/21,V2VZ01SR001-0001,In,0,0,0,0
32154,Mountain Dew 1.0 ltr,BVRBVRMDE00000002,31/03/21,V2VZ01SR001-0001,In,1,0,0,0
32154,Pepsi 1.0 Ltr,BVRBVRPSI00000002,31/03/21,V2VZ01SR001-0001,In,0,12,0,0
32154,Mirinda 1.0 ltr,BVRBVRMIR00000002,31/03/21,V2VZ01SR001-0001,In,0,0,0,0
32154,"Cadbury Bournvita Jar, 500 gm (JAR)",HEDBNCBON00000007,31/03/21,V2VZ01SR001-0001,In,0,0,0,0
32154,"Stayfree Secure Cottony Reg 7s , 5  XL 6s",PCRPCRSTF00000013,31/03/21,V2VZ01SR001-0001,In,0,0,0,0
32154,"Cadbury Bournvita Health Drink, 1 kg (JAR)",HEDBNCBON00000008,31/03/21,V2VZ01SR001-0001,In,0,0,0,0
32154,Stayfree Secure Cottony Combi Pack 7s*5Pcs + XL6s 1 Pcs.,SCAWHGSTF00000002,31/03/21,V2VZ01SR001-0001,In,0,0,0,0
32154,Catch Club Soda 750 ml Bottle,BVRBVRCAT00000001,31/03/21,V2VZ01SR001-0001,In,0,0,0,0
32154,Catch Club Soda  500 ml Bottle,BVRBVRCAT00000002,31/03/21,V2VZ01SR001-0001,In,0,0,0,0
32154,Catch Flavoured Water Lemon N Lime 750 ml Bottle,BVRBVRCAT00000003,31/03/21,V2VZ01SR001-0001,In,0,0,0,0
32154,Catch Flavoured Water Peach 750 ml Bottle,BVRBVRCAT00000004,31/03/21,V2VZ01SR001-0001,In,12,0,0,0
32154,Catch Flavoured Water Black Currant 750 ml Bottle,BVRBVRCAT00000005,31/03/21,V2VZ01SR001-0001,In,0,0,0,0
32154,Catch Flavoured Water Green Apple 750 ml Bottle,BVRBVRCAT00000006,31/03/21,V2VZ01SR001-0001,In,0,0,0,0
32154,Catch Natural Mineral Water 1 ltr Bottle,BVRBVRCAT00000007,31/03/21,V2VZ01SR001-0001,In,12,0,0,0
32154,Sample Popcorn,CNPSNKNEM00000001,31/03/21,V2VZ01SR001-0001,In,0,0,0,0
32154,Catch Apple Juice 600 ml Pet Bottle,BVRBVRCAT00000008,31/03/21,V2VZ01SR001-0001,In,2,0,0,0
32154,Catch Guava Juice 600 ml Pet Bottle,BVRBVRCAT00000009,31/03/21,V2VZ01SR001-0001,In,30,0,0,0
32154,Catch Litchi Juice 600 ml Pet Bottle,BVRBVRCAT00000010,31/03/21,V2VZ01SR001-0001,In,0,0,0,0
32154,Catch Mango Juice 600 ml Pet Bottle,BVRBVRCAT00000011,31/03/21,V2VZ01SR001-0001,In,45,0,0,0
32154,"Rajdhani besan, 1 kg",GRSGRSRAJ00000003,31/03/21,V2VZ01SR001-0001,In,0,0,0,0
32154,"Rajdhani Thick Poha, 500 gm",GRSGRSRAJ00000005,31/03/21,V2VZ01SR001-0001,In,0,0,0,0
32154,Rajdhani Poha Thick 500Gm,BFDSNGRAJ00000003,31/03/21,V2VZ01SR001-0001,In,0,0,0,0
32154,Parle Poppinz Mazello,CTLBNCPAR00000005,31/03/21,V2VZ01SR001-0001,In,0,0,0,0
32154,Colgate Zig-zag Medium TB (6+2 Neem TB Mrp 35),THBDCRCOL00000024,31/03/21,V2VZ01SR001-0001,In,0,0,0,0
32154,Act II Butter Delight 70Gm,PROPROACT00000001,31/03/21,V2VZ01SR001-0001,In,0,0,0,0
32154,"Rajdhani Maida, 1 Kg",GRSGRSRAJ00000010,31/03/21,V2VZ01SR001-0001,In,105,0,0,0
32154,"Rajdhani Maida , 1 kg",ALFSNGRAJ00000001,31/03/21,V2VZ01SR001-0001,In,0,0,0,0
32154,"Rajdhani Maida, 500 gm",GRSGRSRAJ00000011,31/03/21,V2VZ01SR001-0001,In,0,6,0,0
32154,"Rajdhani Maida, 500 gm",SNGSNGRAJ00000003,31/03/21,V2VZ01SR001-0001,In,0,0,0,0
32154,"Rajdhani Sooji, 1 Kg Select",GRSGRSRAJ00000013,31/03/21,V2VZ01SR001-0001,In,31,1,0,0
32154,"Rajdhani Sooji, 1 Kg Select",SNGSNGRAJ00000002,31/03/21,V2VZ01SR001-0001,In,0,0,0,0
32154,"Bail Kolhu Kachi Ghani Pet, 1 litre",GRSGRSBKL00000001,31/03/21,V2VZ01SR001-0001,In,0,0,0,0
32154,"Fortune Kachi Ghani Mustard Oil Jar, 5 Ltr",GRSGRSFOR00000020,31/03/21,V2VZ01SR001-0001,In,0,0,0,0
32154,Cerelac Nestle Baby Cereal With Milk Wheat 300Gm,PROPROCER00000003,31/03/21,V2VZ01SR001-0001,In,24,0,0,0
32154,"Fortune Kachi Ghani Pet Bottle, 1Ltr",GRSGRSFOR00000021,31/03/21,V2VZ01SR001-0001,In,0,0,0,0
32154,"Amul Cow Ghee Tetra, 1 Ltr",GRSGRSAMU00000008,31/03/21,V2VZ01SR001-0001,In,0,0,0,0
32154,"Amul Cow Ghee Tetra, 1 Ltr",OGCSNGAMU00000002,31/03/21,V2VZ01SR001-0001,In,0,0,0,0
32154,"Amul Cow Ghee Tetra, 1 Ltr",OGCSNGAMU00000005,31/03/21,V2VZ01SR001-0001,In,94,0,0,0
32154,"Amul Cow Ghee Tetra, 1 Ltr",OGCSNGAMU00000009,31/03/21,V2VZ01SR001-0001,In,0,0,0,0
32154,"Amul Ghee Tetra, 1 Ltr",OGCSNGAMU00000010,31/03/21,V2VZ01SR001-0001,In,399,15,0,0
32154,Colgate Active Salt Toothpaste 48Gm,HPCHPCCOL00000013,31/03/21,V2VZ01SR001-0001,In,252,0,0,0
32154,Colgate Herbal Toothpaste 200Gm,HPCHPCCOL00000018,31/03/21,V2VZ01SR001-0001,In,191,0,0,0
32154,"Rajdhani Sooji, 500 gm",GRSGRSRAJ00000015,31/03/21,V2VZ01SR001-0001,In,0,2,0,0
32154,"Rajdhani Sooji, 500 gm",SNGSNGRAJ00000001,31/03/21,V2VZ01SR001-0001,In,0,0,0,0
32154,buy 2 Butter Popcorn 30gm get 1 popcorn 15gm FREE,CNPSNKNEM00000002,31/03/21,V2VZ01SR001-0001,In,0,0,0,0
32154,"Amul Fresh Cream Tetra, 1 Ltr",GRSGRSAMU00000009,31/03/21,V2VZ01SR001-0001,In,0,0,0,0
32154,"Amul Fresh Cream Tetra, 1 Ltr",BFDSNGAMU00000001,31/03/21,V2VZ01SR001-0001,In,0,0,0,0
32154,"Amul Fresh Cream Tetra, 1 Ltr",BFDSNGAMU00000003,31/03/21,V2VZ01SR001-0001,In,0,1,0,0
32154,"Haldiram Panchrattan, 200gm",PROPROHAS00000001,31/03/21,V2VZ01SR001-0001,In,0,0,0,0
32154,"MDH Lal Mirch Pwd, 100G",GRSGRSMDH00000001,31/03/21,V2VZ01SR001-0001,In,0,0,0,0
32154,"India Gate Mini Mogra-II, 5 Kg",GRSGRSIND00000012,31/03/21,V2VZ01SR001-0001,In,84,0,0,0
32154,"MDH Lal Mirch Pwd, 100G",SCSSNGMDH00000021,31/03/21,V2VZ01SR001-0001,In,0,0,0,0
32154,"India Gate Mini Mogra-II, 5 Kg",RGRSNGIND00000016,31/03/21,V2VZ01SR001-0001,In,119,0,0,0
32154,"India Gate Mini Mogra-II, 10 Kg",GRSGRSIND00000013,31/03/21,V2VZ01SR001-0001,In,0,0,0,0
32154,"MDH Lal Mirch Powder, 100G Pouch",SCSSNGMDH00000028,31/03/21,V2VZ01SR001-0001,In,65,0,0,0
32154,"India Gate Mini Mogra-II, 10 Kg",GRSGRSIND00000024,31/03/21,V2VZ01SR001-0001,In,0,0,0,0
32154,"India Gate Mini Mogra-II, 10 Kg",RGRSNGIND00000019,31/03/21,V2VZ01SR001-0001,In,0,0,0,0
32154,"MDH Lal Mirch Pwd, 100G",SCSSNGMDH00000032,31/03/21,V2VZ01SR001-0001,In,0,0,0,0
32154,"Bambino Vermicelli, 210 gm",NDPRTCBAM00000001,31/03/21,V2VZ01SR001-0001,In,106,0,0,0
32154,"Bambino Roasted Vermicelli, 90 gm",NDPRTCBAM00000004,31/03/21,V2VZ01SR001-0001,In,0,0,0,0
32154,"Bambino Roasted Vermicelli, 200 gm",NDPRTCBAM00000005,31/03/21,V2VZ01SR001-0001,In,158,0,0,0
32154,"Bambino Roasted Vermicelli, 450 gm",NDPRTCBAM00000006,31/03/21,V2VZ01SR001-0001,In,0,0,0,0
32154,"MDH Dhania Powder, 100G Pouch",GRSGRSMDH00000002,31/03/21,V2VZ01SR001-0001,In,199,0,0,0
32154,"Bambino Roasted Vermicelli, 650 gm",NDPRTCBAM00000007,31/03/21,V2VZ01SR001-0001,In,0,0,0,0
32154,"MDH Dhania Powder, 100G",SCSSNGMDH00000026,31/03/21,V2VZ01SR001-0001,In,1,0,0,0
32154,"Bambino Macaroni Elbow, 85 gm",NDPRTCBAM00000010,31/03/21,V2VZ01SR001-0001,In,143,1,0,0
32154,"Bambino Macaroni Elbow, 200 gm",NDPRTCBAM00000011,31/03/21,V2VZ01SR001-0001,In,98,1,0,0
32154,Bambino Macaroni Shapes Combo,NDPRTCBAM00000012,31/03/21,V2VZ01SR001-0001,In,0,0,0,0
32154,"Bambino Macaroni Elbow, 875 gm",NDPRTCBAM00000014,31/03/21,V2VZ01SR001-0001,In,0,0,0,0
32154,"Bambino Macaroni Elbow, 850 gm",NDPPROBAM00000001,31/03/21,V2VZ01SR001-0001,In,44,0,0,0
32154,"Bambino Pasta Penne, 250 gm",NDPRTCBAM00000016,31/03/21,V2VZ01SR001-0001,In,69,0,0,0
32154,"MDH Kasuri Methi, 25G",GRSGRSMDH00000003,31/03/21,V2VZ01SR001-0001,In,0,0,0,0
32154,"Bambino Pasta Penne, 500 gm",NDPPROBAM00000006,31/03/21,V2VZ01SR001-0001,In,86,0,0,0
32154,"MDH Kasuri Methi, 25G",GRSGRSMDH00000017,31/03/21,V2VZ01SR001-0001,In,0,0,0,0
32154,"Bambino Pasta Spirali, 250 gm",NDPRTCBAM00000019,31/03/21,V2VZ01SR001-0001,In,0,0,0,0
32154,"Bambino Pasta Spirali, 500 gm",NDPPROBAM00000005,31/03/21,V2VZ01SR001-0001,In,8,0,0,0
32154,Nestle Munch Maha Crunchilicious 25Gm,BNCBNCMUN00000001,31/03/21,V2VZ01SR001-0001,In,0,0,0,0
32154,MUNCH Maha Crunchilicious (25gm)pack of 32 (MRP 10),CHOBNCMUN00000006,31/03/21,V2VZ01SR001-0001,In,0,0,0,0
32154,Bambino Instant Sevai  Kheer Mix (MRP 10),PKPRTCBAM00000002,31/03/21,V2VZ01SR001-0001,In,0,0,0,0
32154,"MDH Pav Bhaji Masala, 100G",GRSGRSMDH00000004,31/03/21,V2VZ01SR001-0001,In,0,0,0,0
32154,"MDH Pav Bhaji Masala, 100 gm",SCSSNGMDH00000001,31/03/21,V2VZ01SR001-0001,In,85,0,0,0
32154,Bambino Instant Upma Mix (Mrp 10),PKPRTCBAM00000005,31/03/21,V2VZ01SR001-0001,In,27,0,0,0
32154,Park Avenue Anti Dandruff Shampoo 350Ml,HPCHPCPAR00000034,31/03/21,V2VZ01SR001-0001,In,15,0,0,0
32154,Park Avenue Bear Shampoo Damage Free 180Ml,HPCHPCPAR00000035,31/03/21,V2VZ01SR001-0001,In,25,0,0,0
32154,Park Avenue Beer  Strong And Halthy Hair Shampoo 350Ml,HPCHPCPAR00000037,31/03/21,V2VZ01SR001-0001,In,9,0,0,0
32154,Parle Monaco Cheeslings Classic 150Gm,PROPROPAR00000037,31/03/21,V2VZ01SR001-0001,In,146,0,0,0
32154,Bambino Hot n Sour Soup Powder,SASIRCBAM00000004,31/03/21,V2VZ01SR001-0001,In,0,0,0,0
32154,"MDH Deggi Mirch Powder, 100G",GRSGRSMDH00000005,31/03/21,V2VZ01SR001-0001,In,0,0,0,0
32154,"MDH Deggi Mirch Powder, 100 GM",SCSSNGMDH00000030,31/03/21,V2VZ01SR001-0001,In,0,0,0,0
32154,"MDH Deggi Mirch Powder, 100 GM",SCSSNGMDH00000043,31/03/21,V2VZ01SR001-0001,In,0,0,0,0
32154,"Ruchi Gold Tin, 15 Kg",GRSGRSRUG00000002,31/03/21,V2VZ01SR001-0001,In,0,0,0,0
32154,Tops Khatta Meetha Pickle 400Gm,PKPPROTOP00000091,31/03/21,V2VZ01SR001-0001,In,0,0,0,0
32154,"Bambino Vermicelli, 110 gm",NDPRTCBAM00000027,31/03/21,V2VZ01SR001-0001,In,0,0,0,0
32154,"MDH Garam Masala, 100G",GRSGRSMDH00000006,31/03/21,V2VZ01SR001-0001,In,0,0,0,0
32154,haldiram khatta meetha (400gm),NKMSNKHAL00000001,31/03/21,V2VZ01SR001-0001,In,0,0,0,0
32154,"Haldiram All in One, 400 gm",NKMSNKHAL00000002,31/03/21,V2VZ01SR001-0001,In,0,0,0,0
32154,"MDH Garam Masala, 100 gm",GRSGRSMDH00000015,31/03/21,V2VZ01SR001-0001,In,0,0,0,0
32154,"Haldiram Aloo Bhujia, 460 gm",NKMSNKHAL00000004,31/03/21,V2VZ01SR001-0001,In,0,0,0,0
32154,"Haldiram Aloo Sev Crazy Masala, 200 gm",NKMSNKHAL00000006,31/03/21,V2VZ01SR001-0001,In,0,0,0,0
32154,PARK AVENUE SOAP GOOD MORNING 125g,PCRPCRCOL00000032,31/03/21,V2VZ01SR001-0001,In,205,0,0,0
32154,PARK AVENUE SOAP Luxury 125g,PCRPCRCOL00000033,31/03/21,V2VZ01SR001-0001,In,206,0,0,0
32154,PARK AVENUE SOAP STORM BX 125g,PCRPCRCOL00000034,31/03/21,V2VZ01SR001-0001,In,212,0,0,0
32154,Bournvita Shakti Pouch 750 gm,BVRBVRCAD00000003,31/03/21,V2VZ01SR001-0001,In,0,0,0,0
32154,"Haldiram Bhujia, 400 gm",NKMSNKHAL00000008,31/03/21,V2VZ01SR001-0001,In,0,0,0,0
32154,"Haldiram Bhujia Plain, 400 gm",NKMSNKHAL00000009,31/03/21,V2VZ01SR001-0001,In,0,0,0,0
32154,"Haldiram Boondi Masala, 200 gm",NKMSNKHAL00000010,31/03/21,V2VZ01SR001-0001,In,0,0,0,0
32154,"MDH Kashmiri Mirch Pwd, 100G",GRSGRSMDH00000007,31/03/21,V2VZ01SR001-0001,In,0,0,0,0
32154,"Haldiram Boondi Raita, 200 gm",NKMSNKHAL00000011,31/03/21,V2VZ01SR001-0001,In,0,0,0,0
32154,Anmol Dream Lite 40Gm Pk 10,BICPROANL00000008,31/03/21,V2VZ01SR001-0001,In,356,0,0,0
32154,Anmol Yummy Cream Orange 45Gm Pk10,BICPROANL00000009,31/03/21,V2VZ01SR001-0001,In,0,0,0,0
32154,Anmol Yummy Cream Chocolate 45Gm Pk10,BICPROANL00000010,31/03/21,V2VZ01SR001-0001,In,0,0,0,0
32154,Anmol Yummy Cream Milk 45gm PK10,BICPROANL00000011,31/03/21,V2VZ01SR001-0001,In,0,0,0,0
32154,Anmol Butter Bake 45Gm,BICPROANL00000012,31/03/21,V2VZ01SR001-0001,In,489,0,0,0
32154,Anmol Romanzo Choco Filled Cookies-75g,BICPROANL00000013,31/03/21,V2VZ01SR001-0001,In,0,0,0,0
32154,Anmol Bakers Bisk 180 Gm,BICPROANL00000014,31/03/21,V2VZ01SR001-0001,In,0,0,0,0
32154,Anmol Smileys Butter Cookies 60+15g,BICPROANL00000015,31/03/21,V2VZ01SR001-0001,In,303,0,0,0
32154,Anmol Smileys Cashew 200Gm,BICPROANL00000016,31/03/21,V2VZ01SR001-0001,In,0,0,0,0
32154,Anmol Smileys Butter 250Gm,BICPROANL00000017,31/03/21,V2VZ01SR001-0001,In,0,0,0,0
32154,Anmol Veg Munch 150Gm,BICPROANL00000018,31/03/21,V2VZ01SR001-0001,In,0,0,0,0
32154,Anmol Yummy Combi 450Gm 2+1,BICPROANL00000019,31/03/21,V2VZ01SR001-0001,In,0,0,0,0
32154,Anmol Hit & Run 100Gm,BICPROANL00000020,31/03/21,V2VZ01SR001-0001,In,0,0,0,0
32154,Anmol Hit & Run 100Gm,BICPROANL00000022,31/03/21,V2VZ01SR001-0001,In,101,0,0,0
32154,Anmol Coconut Premium 200g,BICPROANL00000021,31/03/21,V2VZ01SR001-0001,In,0,0,0,0
32154,"MDH Kashmiri Mirch Pwd, 100G (Mrp 60)",SCSSNGMDH00000029,31/03/21,V2VZ01SR001-0001,In,0,0,0,0
32154,Anmol Cake Fruit 120 Gm,BKDPROANL00000001,31/03/21,V2VZ01SR001-0001,In,0,0,0,0
32154,Anmol Cake Chocolate 120 Gm,BKDPROANL00000002,31/03/21,V2VZ01SR001-0001,In,0,0,0,0
32154,Anmol Cake Milk Vanilla 120 Gm,BKDPROANL00000003,31/03/21,V2VZ01SR001-0001,In,0,0,0,0
32154,Acrylic Face Shield (2000 Micron),PHGHPCEVR00000001,31/03/21,V2VZ01SR001-0001,In,78,1,0,0
32154,Tapas Cajun Blue 67G + 6.7G Extra,PKPPROPAN00000001,31/03/21,V2VZ01SR001-0001,In,0,0,0,0
32154,Tapas Cheese Herbs Green 67G + 6.7G Extra,NDPPROPAN00000001,31/03/21,V2VZ01SR001-0001,In,0,0,0,0
32154,Tapas Chessy Tomoto Red 67G + 6.7G Extra,NDPPROPAN00000002,31/03/21,V2VZ01SR001-0001,In,54,0,0,0
32154,Tapas Magic Masala Orange 67G + 6.7G Extra,NDPPROPAN00000003,31/03/21,V2VZ01SR001-0001,In,0,0,0,0
32154,Tapas Hot Schezwan White 67G + 6.7G Extra,NDPPROPAN00000004,31/03/21,V2VZ01SR001-0001,In,57,0,0,0
32154,"Haldiram Chana Cracker H.J., 200 gm",NKMSNKHAL00000014,31/03/21,V2VZ01SR001-0001,In,0,0,0,0
32154,"MDH Kashmiri Mirch Pwd, 100G",SCSSNGMDH00000040,31/03/21,V2VZ01SR001-0001,In,80,0,0,0
32154,"Mohuns Soya Bari Pouch, 50 gm",PLBSNGMOH00000001,31/03/21,V2VZ01SR001-0001,In,0,0,0,0
32154,"Haldiram Chana Cracker, 200 gm",NKMSNKHAL00000015,31/03/21,V2VZ01SR001-0001,In,0,0,0,0
32154,Colgate Zig Zag Medium Toothbrush(Buy 6 ),THBDCRCOL00000025,31/03/21,V2VZ01SR001-0001,In,39,0,0,0
